--
-- PostgreSQL database dump
--

-- Dumped from database version 10.5
-- Dumped by pg_dump version 10.5

SET statement_timeout = 0;
SET lock_timeout = 0;
SET idle_in_transaction_session_timeout = 0;
SET client_encoding = 'UTF8';
SET standard_conforming_strings = on;
SELECT pg_catalog.set_config('search_path', '', false);
SET check_function_bodies = false;
SET client_min_messages = warning;
SET row_security = off;

--
-- Name: plpgsql; Type: EXTENSION; Schema: -; Owner: 
--

CREATE EXTENSION IF NOT EXISTS plpgsql WITH SCHEMA pg_catalog;


--
-- Name: EXTENSION plpgsql; Type: COMMENT; Schema: -; Owner: 
--

COMMENT ON EXTENSION plpgsql IS 'PL/pgSQL procedural language';


SET default_tablespace = '';

SET default_with_oids = false;

--
-- Name: activities; Type: TABLE; Schema: public; Owner: postgres
--

CREATE TABLE public.activities (
    activity_id integer NOT NULL,
    is_showing boolean,
    name character varying(255),
    type character varying(255),
    is_parent boolean,
    parent character varying(255) DEFAULT NULL::character varying,
    ordering integer
);


ALTER TABLE public.activities OWNER TO postgres;

--
-- Name: activities_activity_id_seq; Type: SEQUENCE; Schema: public; Owner: postgres
--

CREATE SEQUENCE public.activities_activity_id_seq
    START WITH 1
    INCREMENT BY 1
    NO MINVALUE
    NO MAXVALUE
    CACHE 1;


ALTER TABLE public.activities_activity_id_seq OWNER TO postgres;

--
-- Name: activities_activity_id_seq; Type: SEQUENCE OWNED BY; Schema: public; Owner: postgres
--

ALTER SEQUENCE public.activities_activity_id_seq OWNED BY public.activities.activity_id;


--
-- Name: alerts; Type: TABLE; Schema: public; Owner: postgres
--

CREATE TABLE public.alerts (
    id integer NOT NULL,
    alert text,
    completed boolean,
    student_id integer
);


ALTER TABLE public.alerts OWNER TO postgres;

--
-- Name: alerts_id_seq; Type: SEQUENCE; Schema: public; Owner: postgres
--

CREATE SEQUENCE public.alerts_id_seq
    START WITH 1
    INCREMENT BY 1
    NO MINVALUE
    NO MAXVALUE
    CACHE 1;


ALTER TABLE public.alerts_id_seq OWNER TO postgres;

--
-- Name: alerts_id_seq; Type: SEQUENCE OWNED BY; Schema: public; Owner: postgres
--

ALTER SEQUENCE public.alerts_id_seq OWNED BY public.alerts.id;


--
-- Name: dailyattendance; Type: TABLE; Schema: public; Owner: postgres
--

CREATE TABLE public.dailyattendance (
    student_id integer,
    date date,
    "time" time without time zone,
    activity_id integer,
    visit_number integer,
    id integer NOT NULL
);


ALTER TABLE public.dailyattendance OWNER TO postgres;

--
-- Name: dailyattendance_id_seq; Type: SEQUENCE; Schema: public; Owner: postgres
--

CREATE SEQUENCE public.dailyattendance_id_seq
    AS integer
    START WITH 1
    INCREMENT BY 1
    NO MINVALUE
    NO MAXVALUE
    CACHE 1;


ALTER TABLE public.dailyattendance_id_seq OWNER TO postgres;

--
-- Name: dailyattendance_id_seq; Type: SEQUENCE OWNED BY; Schema: public; Owner: postgres
--

ALTER SEQUENCE public.dailyattendance_id_seq OWNED BY public.dailyattendance.id;


--
-- Name: feedback; Type: TABLE; Schema: public; Owner: postgres
--

CREATE TABLE public.feedback (
    date date,
    comment character varying(2000)
);


ALTER TABLE public.feedback OWNER TO postgres;

--
-- Name: old_students; Type: TABLE; Schema: public; Owner: postgres
--

CREATE TABLE public.old_students (
    first_name text,
    last_name text,
    id integer,
    first_attendance date,
    number_visits integer
);


ALTER TABLE public.old_students OWNER TO postgres;

--
-- Name: studentcolumns; Type: TABLE; Schema: public; Owner: postgres
--

CREATE TABLE public.studentcolumns (
    info_id integer NOT NULL,
    is_showing boolean,
    quick_add boolean,
    name character varying(255),
    type character varying(255),
    defined_options character varying(1000)
);


ALTER TABLE public.studentcolumns OWNER TO postgres;

--
-- Name: studentcolumns_info_id_seq; Type: SEQUENCE; Schema: public; Owner: postgres
--

CREATE SEQUENCE public.studentcolumns_info_id_seq
    START WITH 1
    INCREMENT BY 1
    NO MINVALUE
    NO MAXVALUE
    CACHE 1;


ALTER TABLE public.studentcolumns_info_id_seq OWNER TO postgres;

--
-- Name: studentcolumns_info_id_seq; Type: SEQUENCE OWNED BY; Schema: public; Owner: postgres
--

ALTER SEQUENCE public.studentcolumns_info_id_seq OWNED BY public.studentcolumns.info_id;


--
-- Name: studentinfo; Type: TABLE; Schema: public; Owner: postgres
--

CREATE TABLE public.studentinfo (
    student_id integer,
    info_id integer,
    int_value integer,
    str_value character varying(500),
    bool_value boolean,
    date_value date,
    time_value time without time zone
);


ALTER TABLE public.studentinfo OWNER TO postgres;

--
-- Name: students; Type: TABLE; Schema: public; Owner: postgres
--

CREATE TABLE public.students (
    first_name text,
    last_name text,
    id integer,
    first_attendance date,
    number_visits integer
);


ALTER TABLE public.students OWNER TO postgres;

--
-- Name: students_id_seq; Type: SEQUENCE; Schema: public; Owner: postgres
--

CREATE SEQUENCE public.students_id_seq
    START WITH 1
    INCREMENT BY 1
    NO MINVALUE
    NO MAXVALUE
    CACHE 1;


ALTER TABLE public.students_id_seq OWNER TO postgres;

--
-- Name: activities activity_id; Type: DEFAULT; Schema: public; Owner: postgres
--

ALTER TABLE ONLY public.activities ALTER COLUMN activity_id SET DEFAULT nextval('public.activities_activity_id_seq'::regclass);


--
-- Name: alerts id; Type: DEFAULT; Schema: public; Owner: postgres
--

ALTER TABLE ONLY public.alerts ALTER COLUMN id SET DEFAULT nextval('public.alerts_id_seq'::regclass);


--
-- Name: dailyattendance id; Type: DEFAULT; Schema: public; Owner: postgres
--

ALTER TABLE ONLY public.dailyattendance ALTER COLUMN id SET DEFAULT nextval('public.dailyattendance_id_seq'::regclass);


--
-- Name: studentcolumns info_id; Type: DEFAULT; Schema: public; Owner: postgres
--

ALTER TABLE ONLY public.studentcolumns ALTER COLUMN info_id SET DEFAULT nextval('public.studentcolumns_info_id_seq'::regclass);


--
-- Data for Name: activities; Type: TABLE DATA; Schema: public; Owner: postgres
--

COPY public.activities (activity_id, is_showing, name, type, is_parent, parent, ordering) FROM stdin;
7	t	Key	boolean	f	\N	1
4	t	Art	boolean	f	\N	2
5	t	Food	boolean	f	\N	3
2	t	HealthWellness	boolean	f	\N	5
3	t	Volunteering	boolean	f	\N	6
6	t	OneOnOne	boolean	f	\N	7
1	t	LeadershipYBM	boolean	f	\N	4
\.


--
-- Data for Name: alerts; Type: TABLE DATA; Schema: public; Owner: postgres
--

COPY public.alerts (id, alert, completed, student_id) FROM stdin;
28	ask her about the blue button	t	530
\.


--
-- Data for Name: dailyattendance; Type: TABLE DATA; Schema: public; Owner: postgres
--

COPY public.dailyattendance (student_id, date, "time", activity_id, visit_number, id) FROM stdin;
816	2018-02-09	15:55:03	7	1	1
816	2018-02-09	15:55:03	-1	1	2
910	2018-02-09	15:56:59	7	1	3
910	2018-02-09	15:56:59	-1	1	4
828	2018-02-09	15:57:19	7	1	5
828	2018-02-09	15:57:19	-1	1	6
867	2018-02-11	15:52:59	7	1	7
867	2018-02-11	15:52:59	5	1	8
867	2018-02-11	15:52:59	-1	1	9
731	2018-02-09	15:39:11	7	1	10
731	2018-02-09	15:39:11	5	1	11
731	2018-02-09	15:39:11	3	1	12
731	2018-02-09	15:39:11	-1	1	13
906	2018-02-11	15:59:23	7	1	14
906	2018-02-11	15:59:23	5	1	15
906	2018-02-11	15:59:23	-1	1	16
732	2018-02-11	14:53:30	7	1	17
732	2018-02-11	14:53:30	5	1	18
732	2018-02-11	14:53:30	-1	1	19
681	2018-02-09	16:11:44	7	1	20
681	2018-02-09	16:11:44	-1	1	21
630	2018-02-09	15:02:14	7	1	22
630	2018-02-09	15:02:14	5	1	23
630	2018-02-09	15:02:14	-1	1	24
869	2018-02-09	15:02:22	7	1	25
869	2018-02-09	15:02:22	4	1	26
869	2018-02-09	15:02:22	5	1	27
869	2018-02-09	15:02:22	2	1	28
869	2018-02-09	15:02:22	-1	1	29
629	2018-02-09	15:06:09	7	1	30
629	2018-02-09	15:06:09	4	1	31
629	2018-02-09	15:06:09	-1	1	32
793	2018-02-11	17:51:10	7	1	33
793	2018-02-11	17:51:10	5	1	34
793	2018-02-11	17:51:10	-1	1	35
681	2018-02-11	18:08:51	7	2	36
681	2018-02-11	18:08:51	-1	2	37
682	2018-02-11	18:21:12	7	1	38
682	2018-02-11	18:21:12	-1	1	39
844	2018-02-09	15:02:09	7	1	40
844	2018-02-09	15:02:09	4	1	41
844	2018-02-09	15:02:09	5	1	42
844	2018-02-09	15:02:09	-1	1	43
899	2018-02-09	15:38:17	7	1	44
899	2018-02-09	15:38:17	4	1	45
899	2018-02-09	15:38:17	5	1	46
899	2018-02-09	15:38:17	-1	1	47
732	2018-02-09	15:57:07	7	2	48
732	2018-02-09	15:57:07	5	2	49
732	2018-02-09	15:57:07	-1	2	50
913	2018-02-09	18:24:39	7	1	51
913	2018-02-09	18:24:39	-1	1	52
782	2018-02-09	18:28:30	7	1	53
782	2018-02-09	18:28:30	-1	1	54
746	2018-02-09	18:34:17	7	1	55
746	2018-02-09	18:34:17	-1	1	56
743	2018-02-09	19:18:22	7	1	57
743	2018-02-09	19:18:22	5	1	58
743	2018-02-09	19:18:22	-1	1	59
857	2018-02-11	15:47:37	7	1	60
857	2018-02-11	15:47:37	5	1	61
857	2018-02-11	15:47:37	-1	1	62
861	2018-02-09	19:18:33	7	1	63
861	2018-02-09	19:18:33	-1	1	64
888	2018-02-11	18:27:33	7	1	65
888	2018-02-11	18:27:33	-1	1	66
911	2018-02-09	16:12:07	7	1	67
911	2018-02-09	16:12:07	5	1	68
911	2018-02-09	16:12:07	-1	1	69
891	2018-02-09	16:26:28	7	1	70
891	2018-02-09	16:26:28	4	1	71
891	2018-02-09	16:26:28	-1	1	72
912	2018-02-09	18:16:24	7	1	73
912	2018-02-09	18:16:24	5	1	74
912	2018-02-09	18:16:24	-1	1	75
740	2018-02-09	19:18:59	7	1	76
740	2018-02-09	19:18:59	5	1	77
740	2018-02-09	19:18:59	-1	1	78
564	2018-02-09	19:18:04	7	1	79
564	2018-02-09	19:18:04	5	1	80
564	2018-02-09	19:18:04	-1	1	81
576	2018-02-11	18:29:38	7	1	82
576	2018-02-11	18:29:38	-1	1	83
906	2018-02-09	15:02:04	7	2	84
906	2018-02-09	15:02:04	-1	2	85
682	2018-02-09	15:01:15	7	2	86
682	2018-02-09	15:01:15	4	1	87
682	2018-02-09	15:01:15	-1	2	88
794	2018-02-09	15:01:21	7	1	89
794	2018-02-09	15:01:21	4	1	90
794	2018-02-09	15:01:21	-1	1	91
907	2018-02-09	15:01:50	7	1	92
907	2018-02-09	15:01:50	4	1	93
907	2018-02-09	15:01:50	-1	1	94
891	2018-02-11	18:29:46	7	2	95
891	2018-02-11	18:29:46	-1	2	96
715	2018-02-09	19:17:58	7	1	97
715	2018-02-09	19:17:58	5	1	98
715	2018-02-09	19:17:58	2	1	99
715	2018-02-09	19:17:58	-1	1	100
665	2018-02-09	15:16:46	7	1	101
665	2018-02-09	15:16:46	-1	1	102
688	2018-02-09	15:16:57	7	1	103
688	2018-02-09	15:16:57	-1	1	104
583	2018-02-09	15:13:27	7	1	105
583	2018-02-09	15:13:27	5	1	106
583	2018-02-09	15:13:27	3	1	107
583	2018-02-09	15:13:27	-1	1	108
683	2018-02-09	15:17:51	7	1	109
683	2018-02-09	15:17:51	-1	1	110
730	2018-02-09	15:35:36	7	1	111
730	2018-02-09	15:35:36	-1	1	112
706	2018-02-09	15:37:59	7	1	113
706	2018-02-09	15:37:59	-1	1	114
652	2018-02-09	15:38:05	7	1	115
652	2018-02-09	15:38:05	-1	1	116
908	2018-02-09	15:38:32	7	1	117
908	2018-02-09	15:38:32	-1	1	118
616	2018-02-11	19:30:07	7	1	119
616	2018-02-11	19:30:07	-1	1	120
863	2018-02-09	15:52:23	7	1	121
863	2018-02-09	15:52:23	-1	1	122
850	2018-02-09	15:39:17	7	1	123
850	2018-02-09	15:39:17	5	1	124
850	2018-02-09	15:39:17	-1	1	125
897	2018-02-11	19:30:18	7	1	126
897	2018-02-11	19:30:18	-1	1	127
814	2018-02-09	15:39:01	7	1	128
814	2018-02-09	15:39:01	5	1	129
814	2018-02-09	15:39:01	-1	1	130
914	2018-02-09	19:29:22	7	1	131
914	2018-02-09	19:29:22	-1	1	132
898	2018-02-09	20:15:55	7	1	133
898	2018-02-09	20:15:55	-1	1	134
897	2018-02-09	20:36:24	7	2	135
897	2018-02-09	20:36:24	5	1	136
897	2018-02-09	20:36:24	-1	2	137
778	2018-02-11	14:45:32	7	1	138
778	2018-02-11	14:45:32	5	1	139
778	2018-02-11	14:45:32	-1	1	140
816	2018-02-11	14:56:22	7	2	141
816	2018-02-11	14:56:22	-1	2	142
699	2018-02-11	14:57:14	7	1	143
699	2018-02-11	14:57:14	-1	1	144
683	2018-02-11	15:14:23	7	2	145
683	2018-02-11	15:14:23	5	1	146
683	2018-02-11	15:14:23	-1	2	147
674	2018-02-11	15:17:04	7	1	148
674	2018-02-11	15:17:04	5	1	149
674	2018-02-11	15:17:04	-1	1	150
564	2018-02-11	15:16:40	7	2	151
564	2018-02-11	15:16:40	5	2	152
564	2018-02-11	15:16:40	-1	2	153
828	2018-02-11	15:29:56	7	2	154
828	2018-02-11	15:29:56	-1	2	155
915	2018-02-11	15:34:32	7	1	156
915	2018-02-11	15:34:32	-1	1	157
916	2018-02-11	16:00:18	7	1	158
916	2018-02-11	16:00:18	-1	1	159
552	2018-02-11	16:23:18	7	1	160
552	2018-02-11	16:23:18	-1	1	161
690	2018-02-11	17:35:50	7	1	162
690	2018-02-11	17:35:50	-1	1	163
670	2018-02-11	17:50:59	7	1	164
670	2018-02-11	17:50:59	-1	1	165
548	2018-02-11	17:08:33	7	1	166
548	2018-02-11	17:08:33	5	1	167
548	2018-02-11	17:08:33	-1	1	168
917	2018-02-11	16:59:21	7	1	169
917	2018-02-11	16:59:21	5	1	170
917	2018-02-11	16:59:21	-1	1	171
583	2018-02-11	20:09:55	7	2	172
583	2018-02-11	20:09:55	-1	2	173
914	2018-02-11	20:11:07	7	2	174
914	2018-02-11	20:11:07	-1	2	175
649	2018-02-11	20:23:59	7	1	176
649	2018-02-11	20:23:59	-1	1	177
863	2018-02-11	18:08:41	7	2	178
863	2018-02-11	18:08:41	5	1	179
863	2018-02-11	18:08:41	-1	2	180
667	2018-02-11	20:28:58	7	1	181
667	2018-02-11	20:28:58	5	1	182
667	2018-02-11	20:28:58	-1	1	183
746	2018-02-11	20:28:52	7	2	184
746	2018-02-11	20:28:52	5	1	185
746	2018-02-11	20:28:52	-1	2	186
869	2018-02-11	14:56:12	7	2	187
869	2018-02-11	14:56:12	5	2	188
869	2018-02-11	14:56:12	-1	2	189
688	2018-02-11	21:26:41	7	2	190
688	2018-02-11	21:26:41	5	1	191
688	2018-02-11	21:26:41	-1	2	192
730	2018-02-11	21:41:44	7	2	193
730	2018-02-11	21:41:44	-1	2	194
908	2018-02-11	21:42:06	7	2	195
908	2018-02-11	21:42:06	-1	2	196
844	2018-02-12	16:23:43	7	2	197
844	2018-02-12	16:23:43	-1	2	198
583	2018-02-12	16:23:54	7	3	199
583	2018-02-12	16:23:54	5	2	200
583	2018-02-12	16:23:54	-1	3	201
778	2018-02-12	16:24:04	7	2	202
778	2018-02-12	16:24:04	5	2	203
778	2018-02-12	16:24:04	-1	2	204
629	2018-02-12	16:24:12	7	2	205
629	2018-02-12	16:24:12	5	1	206
629	2018-02-12	16:24:12	-1	2	207
911	2018-02-13	14:47:47	7	2	208
911	2018-02-13	14:47:47	-1	2	209
732	2018-02-12	16:24:21	7	3	210
732	2018-02-12	16:24:21	5	3	211
732	2018-02-12	16:24:21	6	1	212
732	2018-02-12	16:24:21	-1	3	213
869	2018-02-12	16:24:34	7	3	214
869	2018-02-12	16:24:34	-1	3	215
688	2018-02-12	16:26:03	7	3	216
688	2018-02-12	16:26:03	-1	3	217
683	2018-02-12	16:26:10	7	3	218
683	2018-02-12	16:26:10	5	2	219
683	2018-02-12	16:26:10	2	1	220
683	2018-02-12	16:26:10	6	1	221
683	2018-02-12	16:26:10	-1	3	222
674	2018-02-12	16:26:23	7	2	223
674	2018-02-12	16:26:23	-1	2	224
564	2018-02-12	16:26:30	7	3	225
564	2018-02-12	16:26:30	-1	3	226
623	2018-02-12	16:26:42	7	1	227
623	2018-02-12	16:26:42	-1	1	228
630	2018-02-13	14:47:56	7	2	229
630	2018-02-13	14:47:56	5	2	230
630	2018-02-13	14:47:56	-1	2	231
816	2018-02-13	14:59:52	7	3	232
816	2018-02-13	14:59:52	-1	3	233
753	2018-02-13	15:10:47	7	1	234
753	2018-02-13	15:10:47	-1	1	235
630	2018-02-12	15:38:26	7	3	236
630	2018-02-12	15:38:26	5	3	237
630	2018-02-12	15:38:26	-1	3	238
667	2018-02-12	15:39:01	7	2	239
667	2018-02-12	15:39:01	5	2	240
667	2018-02-12	15:39:01	2	1	241
667	2018-02-12	15:39:01	-1	2	242
746	2018-02-12	15:39:24	7	3	243
746	2018-02-12	15:39:24	5	2	244
746	2018-02-12	15:39:24	2	1	245
746	2018-02-12	15:39:24	-1	3	246
538	2018-02-12	15:41:41	7	1	247
538	2018-02-12	15:41:41	-1	1	248
911	2018-02-12	15:42:02	7	3	249
911	2018-02-12	15:42:02	5	2	250
911	2018-02-12	15:42:02	-1	3	251
906	2018-02-12	15:42:28	7	3	252
906	2018-02-12	15:42:28	-1	3	253
882	2018-02-12	15:42:37	7	1	254
882	2018-02-12	15:42:37	-1	1	255
753	2018-02-12	15:45:12	7	2	256
753	2018-02-12	15:45:12	-1	2	257
869	2018-02-13	14:59:46	7	4	258
869	2018-02-13	14:59:46	5	3	259
869	2018-02-13	14:59:46	-1	4	260
682	2018-02-12	16:25:56	7	3	261
682	2018-02-12	16:25:56	1	1	262
682	2018-02-12	16:25:56	-1	3	263
918	2018-02-12	16:59:39	7	1	264
918	2018-02-12	16:59:39	2	1	265
918	2018-02-12	16:59:39	6	1	266
918	2018-02-12	16:59:39	-1	1	267
898	2018-02-12	15:48:16	7	2	268
898	2018-02-12	15:48:16	-1	2	269
814	2018-02-12	15:49:14	7	2	270
814	2018-02-12	15:49:14	-1	2	271
681	2018-02-12	15:49:26	7	3	272
681	2018-02-12	15:49:26	-1	3	273
867	2018-02-14	17:54:03	7	2	274
867	2018-02-14	17:54:03	5	2	275
867	2018-02-14	17:54:03	-1	2	276
828	2018-02-13	16:35:09	7	3	277
828	2018-02-13	16:35:09	-1	3	278
918	2018-02-13	16:35:29	7	2	279
918	2018-02-13	16:35:29	-1	2	280
919	2018-02-13	17:04:34	7	1	281
919	2018-02-13	17:04:34	-1	1	282
746	2018-02-13	17:07:26	7	4	283
746	2018-02-13	17:07:26	-1	4	284
906	2018-02-13	16:44:37	7	4	285
906	2018-02-13	16:44:37	5	2	286
906	2018-02-13	16:44:37	-1	4	287
882	2018-02-13	17:38:57	7	2	288
882	2018-02-13	17:38:57	-1	2	289
649	2018-02-13	18:42:02	7	2	290
649	2018-02-13	18:42:02	5	1	291
649	2018-02-13	18:42:02	-1	2	292
793	2018-02-13	18:41:54	7	2	293
793	2018-02-13	18:41:54	5	2	294
793	2018-02-13	18:41:54	-1	2	295
623	2018-02-13	18:46:58	7	2	296
623	2018-02-13	18:46:58	5	1	297
623	2018-02-13	18:46:58	-1	2	298
920	2018-02-13	18:42:21	7	1	299
920	2018-02-13	18:42:21	5	1	300
920	2018-02-13	18:42:21	-1	1	301
898	2018-02-13	19:20:33	7	3	302
898	2018-02-13	19:20:33	-1	3	303
616	2018-02-13	19:21:33	7	2	304
616	2018-02-13	19:21:33	-1	2	305
538	2018-02-13	15:29:39	7	2	306
538	2018-02-13	15:29:39	4	1	307
538	2018-02-13	15:29:39	5	1	308
538	2018-02-13	15:29:39	-1	2	309
667	2018-02-13	15:53:37	7	3	310
667	2018-02-13	15:53:37	5	3	311
667	2018-02-13	15:53:37	-1	3	312
732	2018-02-13	16:16:37	7	4	313
732	2018-02-13	16:16:37	5	4	314
732	2018-02-13	16:16:37	6	2	315
732	2018-02-13	16:16:37	-1	4	316
690	2018-02-13	18:43:23	7	2	317
690	2018-02-13	18:43:23	5	1	318
690	2018-02-13	18:43:23	-1	2	319
583	2018-02-13	20:17:09	7	4	320
583	2018-02-13	20:17:09	-1	4	321
899	2018-02-13	20:45:36	7	2	322
899	2018-02-13	20:45:36	-1	2	323
564	2018-02-13	20:46:24	7	4	324
564	2018-02-13	20:46:24	-1	4	325
753	2018-02-14	17:54:23	7	3	326
753	2018-02-14	17:54:23	5	1	327
753	2018-02-14	17:54:23	-1	3	328
681	2018-02-13	16:08:13	7	4	329
681	2018-02-13	16:08:13	5	1	330
681	2018-02-13	16:08:13	-1	4	331
683	2018-02-13	16:28:54	7	4	332
683	2018-02-13	16:28:54	5	3	333
683	2018-02-13	16:28:54	-1	4	334
688	2018-02-13	16:35:16	7	4	335
688	2018-02-13	16:35:16	5	2	336
688	2018-02-13	16:35:16	-1	4	337
870	2018-02-13	16:14:03	7	1	338
870	2018-02-13	16:14:03	5	1	339
870	2018-02-13	16:14:03	6	1	340
870	2018-02-13	16:14:03	-1	1	341
921	2018-02-13	20:55:04	7	1	342
921	2018-02-13	20:55:04	-1	1	343
710	2018-02-13	21:37:35	7	1	344
710	2018-02-13	21:37:35	-1	1	345
583	2018-02-14	14:50:53	7	5	346
583	2018-02-14	14:50:53	5	3	347
583	2018-02-14	14:50:53	-1	5	348
911	2018-02-14	14:48:16	7	4	349
911	2018-02-14	14:48:16	-1	4	350
538	2018-02-14	15:03:11	7	3	351
538	2018-02-14	15:03:11	-1	3	352
647	2018-02-14	19:15:49	7	1	353
647	2018-02-14	19:15:49	5	1	354
647	2018-02-14	19:15:49	-1	1	355
681	2018-02-14	15:10:52	7	5	356
681	2018-02-14	15:10:52	5	2	357
681	2018-02-14	15:10:52	1	1	358
681	2018-02-14	15:10:52	-1	5	359
706	2018-02-14	15:26:23	7	2	360
706	2018-02-14	15:26:23	-1	2	361
667	2018-02-14	15:34:05	7	4	362
667	2018-02-14	15:34:05	-1	4	363
844	2018-02-14	15:44:51	7	3	364
844	2018-02-14	15:44:51	-1	3	365
841	2018-02-14	19:15:57	7	1	366
841	2018-02-14	19:15:57	5	1	367
841	2018-02-14	19:15:57	-1	1	368
630	2018-02-14	15:10:01	7	4	369
630	2018-02-14	15:10:01	1	1	370
630	2018-02-14	15:10:01	3	1	371
630	2018-02-14	15:10:01	6	1	372
630	2018-02-14	15:10:01	-1	4	373
869	2018-02-15	15:20:44	7	5	374
869	2018-02-15	15:20:44	-1	5	375
732	2018-02-15	15:20:51	7	5	376
732	2018-02-15	15:20:51	-1	5	377
670	2018-02-14	14:58:37	7	2	378
670	2018-02-14	14:58:37	5	1	379
670	2018-02-14	14:58:37	1	1	380
670	2018-02-14	14:58:37	-1	2	381
629	2018-02-14	14:57:46	7	3	382
629	2018-02-14	14:57:46	5	2	383
629	2018-02-14	14:57:46	1	1	384
629	2018-02-14	14:57:46	-1	3	385
564	2018-02-14	17:55:17	7	5	386
564	2018-02-14	17:55:17	5	3	387
564	2018-02-14	17:55:17	-1	5	388
623	2018-02-14	16:46:16	7	3	389
623	2018-02-14	16:46:16	-1	3	390
906	2018-02-14	16:50:32	7	5	391
906	2018-02-14	16:50:32	-1	5	392
908	2018-02-14	18:37:37	7	3	393
908	2018-02-14	18:37:37	-1	3	394
730	2018-02-14	18:37:44	7	3	395
730	2018-02-14	18:37:44	-1	3	396
882	2018-02-14	18:49:46	7	3	397
882	2018-02-14	18:49:46	5	1	398
882	2018-02-14	18:49:46	-1	3	399
674	2018-02-14	17:55:27	7	3	400
674	2018-02-14	17:55:27	5	2	401
674	2018-02-14	17:55:27	-1	3	402
746	2018-02-14	17:10:28	7	5	403
746	2018-02-14	17:10:28	5	3	404
746	2018-02-14	17:10:28	-1	5	405
918	2018-02-14	17:22:29	7	3	406
918	2018-02-14	17:22:29	5	1	407
918	2018-02-14	17:22:29	-1	3	408
688	2018-02-14	17:22:39	7	5	409
688	2018-02-14	17:22:39	5	3	410
688	2018-02-14	17:22:39	-1	5	411
688	2018-02-15	15:38:04	7	6	412
688	2018-02-15	15:38:04	-1	6	413
616	2018-02-14	15:47:20	7	3	414
616	2018-02-14	15:47:20	5	1	415
616	2018-02-14	15:47:20	1	1	416
616	2018-02-14	15:47:20	3	1	417
616	2018-02-14	15:47:20	6	1	418
616	2018-02-14	15:47:20	-1	3	419
816	2018-02-14	15:37:41	7	4	420
816	2018-02-14	15:37:41	5	1	421
816	2018-02-14	15:37:41	1	1	422
816	2018-02-14	15:37:41	-1	4	423
863	2018-02-14	16:00:47	7	3	424
863	2018-02-14	16:00:47	6	1	425
863	2018-02-14	16:00:47	-1	3	426
869	2018-02-14	15:56:36	7	6	427
869	2018-02-14	15:56:36	5	4	428
869	2018-02-14	15:56:36	-1	6	429
897	2018-02-14	15:45:15	7	3	430
897	2018-02-14	15:45:15	5	2	431
897	2018-02-14	15:45:15	1	1	432
897	2018-02-14	15:45:15	6	1	433
897	2018-02-14	15:45:15	-1	3	434
778	2018-02-14	15:14:53	7	3	435
778	2018-02-14	15:14:53	5	3	436
778	2018-02-14	15:14:53	6	1	437
778	2018-02-14	15:14:53	-1	3	438
891	2018-02-14	15:10:08	7	3	439
891	2018-02-14	15:10:08	5	1	440
891	2018-02-14	15:10:08	1	1	441
891	2018-02-14	15:10:08	3	1	442
891	2018-02-14	15:10:08	6	1	443
891	2018-02-14	15:10:08	-1	3	444
910	2018-02-14	15:38:01	7	2	445
910	2018-02-14	15:38:01	5	1	446
910	2018-02-14	15:38:01	1	1	447
910	2018-02-14	15:38:01	-1	2	448
814	2018-02-14	20:56:17	7	3	449
814	2018-02-14	20:56:17	5	2	450
814	2018-02-14	20:56:17	-1	3	451
786	2018-02-14	21:44:09	7	1	452
786	2018-02-14	21:44:09	-1	1	453
911	2018-02-15	14:54:24	7	5	454
911	2018-02-15	14:54:24	-1	5	455
906	2018-02-15	15:01:49	7	6	456
906	2018-02-15	15:01:49	-1	6	457
844	2018-02-15	15:01:55	7	4	458
844	2018-02-15	15:01:55	-1	4	459
587	2018-02-15	15:06:23	7	1	460
587	2018-02-15	15:06:23	-1	1	461
778	2018-02-15	15:15:53	7	4	462
778	2018-02-15	15:15:53	-1	4	463
681	2018-02-15	16:05:19	7	6	464
681	2018-02-15	16:05:19	-1	6	465
652	2018-02-15	16:05:41	7	2	466
652	2018-02-15	16:05:41	-1	2	467
743	2018-02-15	16:08:13	7	2	468
743	2018-02-15	16:08:13	-1	2	469
814	2018-02-15	16:08:19	7	4	470
814	2018-02-15	16:08:19	-1	4	471
882	2018-02-15	16:10:12	7	4	472
882	2018-02-15	16:10:12	-1	4	473
891	2018-02-15	15:22:18	7	4	474
891	2018-02-15	15:22:18	5	2	475
891	2018-02-15	15:22:18	-1	4	476
629	2018-02-15	15:02:41	7	4	477
629	2018-02-15	15:02:41	5	3	478
629	2018-02-15	15:02:41	-1	4	479
922	2018-02-15	15:45:55	7	1	480
922	2018-02-15	15:45:55	5	1	481
922	2018-02-15	15:45:55	-1	1	482
794	2018-02-15	15:22:02	7	2	483
794	2018-02-15	15:22:02	5	1	484
794	2018-02-15	15:22:02	-1	2	485
857	2018-02-15	16:13:47	7	2	486
857	2018-02-15	16:13:47	5	2	487
857	2018-02-15	16:13:47	-1	2	488
863	2018-02-15	16:20:17	7	4	489
863	2018-02-15	16:20:17	-1	4	490
918	2018-02-15	16:38:56	7	4	491
918	2018-02-15	16:38:56	-1	4	492
670	2018-02-15	16:43:06	7	3	493
670	2018-02-15	16:43:06	5	2	494
670	2018-02-15	16:43:06	-1	3	495
630	2018-02-15	15:45:12	7	5	496
630	2018-02-15	15:45:12	5	4	497
630	2018-02-15	15:45:12	-1	5	498
576	2018-02-15	18:14:15	7	2	499
576	2018-02-15	18:14:15	-1	2	500
915	2018-02-15	18:34:48	7	2	501
915	2018-02-15	18:34:48	-1	2	502
564	2018-02-15	18:48:54	7	6	503
564	2018-02-15	18:48:54	-1	6	504
623	2018-02-15	18:49:42	7	4	505
623	2018-02-15	18:49:42	-1	4	506
730	2018-02-15	18:58:21	7	4	507
730	2018-02-15	18:58:21	-1	4	508
753	2018-02-15	19:37:09	7	4	509
753	2018-02-15	19:37:09	-1	4	510
732	2018-02-14	14:39:22	7	6	511
732	2018-02-14	14:39:22	5	5	512
732	2018-02-14	14:39:22	2	1	513
732	2018-02-14	14:39:22	-1	6	514
746	2018-02-15	15:45:03	7	6	515
746	2018-02-15	15:45:03	5	4	516
746	2018-02-15	15:45:03	-1	6	517
667	2018-02-15	15:23:11	7	5	518
667	2018-02-15	15:23:11	5	4	519
667	2018-02-15	15:23:11	-1	5	520
923	2018-02-15	16:09:29	7	1	521
923	2018-02-15	16:09:29	-1	1	522
683	2018-02-15	15:36:16	7	5	523
683	2018-02-15	15:36:16	5	4	524
683	2018-02-15	15:36:16	-1	5	525
682	2018-02-15	15:08:48	7	4	526
682	2018-02-15	15:08:48	5	1	527
682	2018-02-15	15:08:48	-1	4	528
538	2018-02-15	15:03:25	7	4	529
538	2018-02-15	15:03:25	6	1	530
538	2018-02-15	15:03:25	-1	4	531
581	2018-02-15	16:25:39	7	1	532
581	2018-02-15	16:25:39	5	1	533
581	2018-02-15	16:25:39	6	1	534
581	2018-02-15	16:25:39	-1	1	535
682	2018-02-14	14:51:27	7	5	536
682	2018-02-14	14:51:27	5	2	537
682	2018-02-14	14:51:27	1	2	538
682	2018-02-14	14:51:27	3	1	539
682	2018-02-14	14:51:27	6	1	540
682	2018-02-14	14:51:27	-1	5	541
652	2018-02-14	15:26:32	7	3	542
652	2018-02-14	15:26:32	5	1	543
652	2018-02-14	15:26:32	-1	3	544
690	2018-02-14	20:56:25	7	3	545
690	2018-02-14	20:56:25	6	1	546
690	2018-02-14	20:56:25	-1	3	547
898	2018-02-14	21:01:28	7	4	548
898	2018-02-14	21:01:28	5	1	549
898	2018-02-14	21:01:28	-1	4	550
841	2018-02-15	20:08:53	7	2	551
841	2018-02-15	20:08:53	-1	2	552
898	2018-02-15	20:07:33	7	5	553
898	2018-02-15	20:07:33	5	2	554
898	2018-02-15	20:07:33	-1	5	555
924	2018-02-15	16:10:00	7	1	556
924	2018-02-15	16:10:00	-1	1	557
583	2018-02-15	20:16:43	7	6	558
583	2018-02-15	20:16:43	5	4	559
583	2018-02-15	20:16:43	-1	6	560
657	2018-02-16	15:22:37	7	1	561
657	2018-02-16	15:22:37	-1	1	562
906	2018-02-16	15:37:56	7	7	563
906	2018-02-16	15:37:56	-1	7	564
564	2018-02-16	15:38:01	7	7	565
564	2018-02-16	15:38:01	-1	7	566
911	2018-02-16	15:38:07	7	6	567
911	2018-02-16	15:38:07	-1	6	568
681	2018-02-16	15:42:53	7	7	569
681	2018-02-16	15:42:53	-1	7	570
857	2018-02-17	15:45:59	7	3	571
857	2018-02-17	15:45:59	5	3	572
857	2018-02-17	15:45:59	-1	3	573
816	2018-02-18	15:25:59	7	5	574
816	2018-02-18	15:25:59	5	2	575
816	2018-02-18	15:25:59	-1	5	576
652	2018-02-16	17:05:55	7	4	577
652	2018-02-16	17:05:55	-1	4	578
918	2018-02-17	14:38:21	7	5	579
918	2018-02-17	14:38:21	5	2	580
918	2018-02-17	14:38:21	6	2	581
918	2018-02-17	14:38:21	-1	5	582
675	2018-02-17	15:23:53	7	1	583
675	2018-02-17	15:23:53	5	1	584
675	2018-02-17	15:23:53	-1	1	585
816	2018-02-17	15:52:38	7	6	586
816	2018-02-17	15:52:38	5	3	587
816	2018-02-17	15:52:38	-1	6	588
897	2018-02-17	15:28:00	7	4	589
897	2018-02-17	15:28:00	5	3	590
897	2018-02-17	15:28:00	-1	4	591
730	2018-02-17	16:52:45	7	5	592
730	2018-02-17	16:52:45	-1	5	593
564	2018-02-17	17:20:40	7	8	594
564	2018-02-17	17:20:40	-1	8	595
715	2018-02-17	17:20:46	7	2	596
715	2018-02-17	17:20:46	-1	2	597
850	2018-02-16	17:18:05	7	2	598
850	2018-02-16	17:18:05	-1	2	599
814	2018-02-16	17:18:19	7	5	600
814	2018-02-16	17:18:19	-1	5	601
725	2018-02-17	15:49:12	7	1	602
725	2018-02-17	15:49:12	5	1	603
725	2018-02-17	15:49:12	-1	1	604
706	2018-02-16	17:05:44	7	3	605
706	2018-02-16	17:05:44	5	1	606
706	2018-02-16	17:05:44	-1	3	607
687	2018-02-16	17:03:01	7	1	608
687	2018-02-16	17:03:01	-1	1	609
674	2018-02-16	17:27:01	7	4	610
674	2018-02-16	17:27:01	-1	4	611
742	2018-02-17	15:49:06	7	1	612
742	2018-02-17	15:49:06	5	1	613
742	2018-02-17	15:49:06	-1	1	614
746	2018-02-17	18:13:26	7	7	615
746	2018-02-17	18:13:26	-1	7	616
630	2018-02-17	18:51:15	7	6	617
630	2018-02-17	18:51:15	-1	6	618
918	2018-02-16	16:11:03	7	6	619
918	2018-02-16	16:11:03	5	3	620
918	2018-02-16	16:11:03	-1	6	621
828	2018-02-16	16:11:10	7	4	622
828	2018-02-16	16:11:10	5	1	623
828	2018-02-16	16:11:10	-1	4	624
715	2018-02-16	19:48:48	7	3	625
715	2018-02-16	19:48:48	-1	3	626
793	2018-02-17	18:54:10	7	3	627
793	2018-02-17	18:54:10	5	3	628
793	2018-02-17	18:54:10	-1	3	629
568	2018-02-16	17:18:12	7	1	630
568	2018-02-16	17:18:12	2	1	631
568	2018-02-16	17:18:12	-1	1	632
732	2018-02-16	15:22:44	7	7	633
732	2018-02-16	15:22:44	4	1	634
732	2018-02-16	15:22:44	5	6	635
732	2018-02-16	15:22:44	6	3	636
732	2018-02-16	15:22:44	-1	7	637
857	2018-02-16	15:42:49	7	4	638
857	2018-02-16	15:42:49	4	1	639
857	2018-02-16	15:42:49	5	4	640
857	2018-02-16	15:42:49	-1	4	641
730	2018-02-16	18:04:26	7	6	642
730	2018-02-16	18:04:26	4	1	643
730	2018-02-16	18:04:26	5	1	644
730	2018-02-16	18:04:26	-1	6	645
897	2018-02-16	19:57:29	7	5	646
897	2018-02-16	19:57:29	5	4	647
897	2018-02-16	19:57:29	-1	5	648
906	2018-02-17	16:19:57	7	8	649
906	2018-02-17	16:19:57	5	3	650
906	2018-02-17	16:19:57	-1	8	651
869	2018-02-17	15:15:41	5	5	653
869	2018-02-17	15:15:41	-1	7	654
688	2018-02-16	15:38:11	7	7	655
688	2018-02-16	15:38:11	5	4	656
688	2018-02-16	15:38:11	-1	7	657
844	2018-02-16	15:37:51	7	5	658
844	2018-02-16	15:37:51	5	2	659
844	2018-02-16	15:37:51	-1	5	660
583	2018-02-16	15:37:46	7	7	661
583	2018-02-16	15:37:46	5	5	662
583	2018-02-16	15:37:46	3	2	663
583	2018-02-16	15:37:46	-1	7	664
816	2018-02-16	15:38:17	7	7	665
816	2018-02-16	15:38:17	-1	7	666
538	2018-02-16	15:42:44	7	5	667
538	2018-02-16	15:42:44	-1	5	668
710	2018-02-16	17:17:30	5	1	669
710	2018-02-16	17:17:30	6	1	670
710	2018-02-16	17:17:30	-1	2	671
667	2018-02-16	20:04:02	7	6	672
667	2018-02-16	20:04:02	-1	6	673
746	2018-02-16	20:03:59	7	8	674
746	2018-02-16	20:03:59	5	5	675
746	2018-02-16	20:03:59	-1	8	676
869	2018-02-16	15:42:35	7	8	677
869	2018-02-16	15:42:35	5	6	678
869	2018-02-16	15:42:35	-1	8	679
722	2018-02-17	19:17:47	7	1	680
722	2018-02-17	19:17:47	-1	1	681
867	2018-02-16	20:06:19	7	3	682
867	2018-02-16	20:06:19	4	1	683
867	2018-02-16	20:06:19	5	3	684
867	2018-02-16	20:06:19	-1	3	685
915	2018-02-16	15:22:53	7	3	686
915	2018-02-16	15:22:53	5	1	687
915	2018-02-16	15:22:53	-1	3	688
670	2018-02-17	14:38:13	7	4	689
670	2018-02-17	14:38:13	5	3	690
670	2018-02-17	14:38:13	-1	4	691
732	2018-02-17	14:38:29	7	8	692
732	2018-02-17	14:38:29	5	7	693
732	2018-02-17	14:38:29	-1	8	694
681	2018-02-17	15:15:34	7	8	695
681	2018-02-17	15:15:34	-1	8	696
538	2018-02-17	15:15:52	7	6	697
538	2018-02-17	15:15:52	-1	6	698
665	2018-02-17	15:24:31	7	2	699
665	2018-02-17	15:24:31	5	1	700
665	2018-02-17	15:24:31	-1	2	701
844	2018-02-17	15:24:02	7	6	702
844	2018-02-17	15:24:02	5	3	703
844	2018-02-17	15:24:02	-1	6	704
688	2018-02-17	15:09:30	7	8	705
688	2018-02-17	15:09:30	5	5	706
688	2018-02-17	15:09:30	-1	8	707
861	2018-02-17	15:49:33	7	2	708
861	2018-02-17	15:49:33	-1	2	709
828	2018-02-17	15:52:52	7	5	710
828	2018-02-17	15:52:52	-1	5	711
715	2018-02-18	16:29:52	7	4	712
715	2018-02-18	16:29:52	-1	4	713
565	2018-02-18	16:29:59	7	1	714
565	2018-02-18	16:29:59	-1	1	715
583	2018-02-17	20:02:26	7	8	716
583	2018-02-17	20:02:26	-1	8	717
891	2018-02-17	19:58:17	7	5	718
891	2018-02-17	19:58:17	4	2	719
891	2018-02-17	19:58:17	-1	5	720
683	2018-02-17	20:01:22	7	6	721
683	2018-02-17	20:01:22	5	5	722
683	2018-02-17	20:01:22	-1	6	723
825	2018-02-17	19:17:52	7	1	724
825	2018-02-17	19:17:52	5	1	725
825	2018-02-17	19:17:52	-1	1	726
667	2018-02-17	21:56:16	7	7	727
667	2018-02-17	21:56:16	-1	7	728
538	2018-02-18	15:00:43	7	7	729
538	2018-02-18	15:00:43	-1	7	730
681	2018-02-18	15:01:11	7	9	731
681	2018-02-18	15:01:11	-1	9	732
548	2018-02-18	14:53:01	7	2	733
548	2018-02-18	14:53:01	5	2	734
548	2018-02-18	14:53:01	-1	2	735
683	2018-02-18	15:34:58	7	7	736
683	2018-02-18	15:34:58	-1	7	737
899	2018-02-18	15:37:01	7	3	738
899	2018-02-18	15:37:01	-1	3	739
688	2018-02-18	15:58:12	7	9	740
688	2018-02-18	15:58:12	-1	9	741
844	2018-02-18	15:58:20	7	7	742
844	2018-02-18	15:58:20	-1	7	743
918	2018-02-18	15:58:24	7	7	744
918	2018-02-18	15:58:24	-1	7	745
857	2018-02-18	16:15:35	7	5	746
857	2018-02-18	16:15:35	-1	5	747
732	2018-02-18	15:18:08	7	9	748
732	2018-02-18	15:18:08	5	8	749
732	2018-02-18	15:18:08	-1	9	750
667	2018-02-18	16:35:03	7	8	751
667	2018-02-18	16:35:03	-1	8	752
869	2018-02-18	16:36:30	7	9	753
869	2018-02-18	16:36:30	-1	9	754
746	2018-02-18	16:36:34	7	9	755
746	2018-02-18	16:36:34	-1	9	756
891	2018-02-18	16:45:04	7	6	757
891	2018-02-18	16:45:04	5	3	758
891	2018-02-18	16:45:04	-1	6	759
576	2018-02-18	16:45:00	7	3	760
576	2018-02-18	16:45:00	5	1	761
576	2018-02-18	16:45:00	-1	3	762
630	2018-02-18	17:03:50	7	7	763
630	2018-02-18	17:03:50	-1	7	764
888	2018-02-18	17:08:42	7	2	765
888	2018-02-18	17:08:42	-1	2	766
730	2018-02-18	17:14:58	7	7	767
730	2018-02-18	17:14:58	-1	7	768
908	2018-02-18	17:15:06	7	4	769
908	2018-02-18	17:15:06	-1	4	770
606	2018-02-18	17:15:19	7	1	771
606	2018-02-18	17:15:19	-1	1	772
682	2018-02-18	17:38:36	7	6	773
682	2018-02-18	17:38:36	-1	6	774
897	2018-02-18	15:29:33	7	6	775
897	2018-02-18	15:29:33	5	5	776
897	2018-02-18	15:29:33	-1	6	777
670	2018-02-18	17:57:29	7	5	778
670	2018-02-18	17:57:29	5	4	779
670	2018-02-18	17:57:29	-1	5	780
915	2018-02-18	18:10:55	7	4	781
915	2018-02-18	18:10:55	-1	4	782
564	2018-02-18	18:11:48	7	9	783
564	2018-02-18	18:11:48	-1	9	784
674	2018-02-18	18:12:03	7	5	785
674	2018-02-18	18:12:03	-1	5	786
794	2018-02-18	19:04:30	7	3	787
794	2018-02-18	19:04:30	-1	3	788
793	2018-02-18	19:09:57	7	4	789
793	2018-02-18	19:09:57	5	4	790
793	2018-02-18	19:09:57	-1	4	791
706	2018-02-18	19:26:27	7	4	792
706	2018-02-18	19:26:27	-1	4	793
629	2018-02-18	19:49:11	7	5	794
629	2018-02-18	19:49:11	-1	5	795
906	2018-02-18	19:58:57	7	9	796
906	2018-02-18	19:58:57	-1	9	797
753	2018-02-18	19:59:04	7	5	798
753	2018-02-18	19:59:04	-1	5	799
768	2018-02-18	21:57:54	7	1	800
768	2018-02-18	21:57:54	-1	1	801
652	2018-02-18	21:58:01	7	5	802
652	2018-02-18	21:58:01	-1	5	803
538	2018-02-19	15:16:57	7	8	804
538	2018-02-19	15:16:57	5	2	805
538	2018-02-19	15:16:57	-1	8	806
568	2018-02-19	15:17:04	7	2	807
568	2018-02-19	15:17:04	-1	2	808
850	2018-02-19	15:17:10	7	3	809
850	2018-02-19	15:17:10	-1	3	810
732	2018-02-19	15:16:37	7	10	811
732	2018-02-19	15:16:37	5	9	812
732	2018-02-19	15:16:37	6	4	813
732	2018-02-19	15:16:37	-1	10	814
681	2018-02-19	16:11:40	7	10	815
681	2018-02-19	16:11:40	-1	10	816
665	2018-02-19	16:11:50	7	3	817
665	2018-02-19	16:11:50	-1	3	818
857	2018-02-19	16:14:01	7	6	819
857	2018-02-19	16:14:01	-1	6	820
706	2018-02-19	16:12:00	7	5	821
706	2018-02-19	16:12:00	5	2	822
706	2018-02-19	16:12:00	-1	5	823
583	2018-02-19	16:11:45	7	9	824
583	2018-02-19	16:11:45	5	6	825
583	2018-02-19	16:11:45	-1	9	826
587	2018-02-19	16:58:20	7	2	827
587	2018-02-19	16:58:20	-1	2	828
906	2018-02-19	17:06:43	7	10	829
906	2018-02-19	17:06:43	-1	10	830
897	2018-02-19	17:15:47	7	7	831
897	2018-02-19	17:15:47	-1	7	832
683	2018-02-19	18:34:40	7	8	833
683	2018-02-19	18:34:40	-1	8	834
918	2018-02-20	19:29:38	7	8	835
918	2018-02-20	19:29:38	5	4	836
918	2018-02-20	19:29:38	-1	8	837
915	2018-02-21	14:57:23	7	5	838
915	2018-02-21	14:57:23	5	2	839
915	2018-02-21	14:57:23	1	1	840
915	2018-02-21	14:57:23	-1	5	841
897	2018-02-21	14:57:13	7	8	842
897	2018-02-21	14:57:13	5	6	843
897	2018-02-21	14:57:13	1	2	844
897	2018-02-21	14:57:13	2	1	845
897	2018-02-21	14:57:13	3	1	846
897	2018-02-21	14:57:13	6	2	847
897	2018-02-21	14:57:13	-1	8	848
918	2018-02-19	16:13:48	7	9	849
918	2018-02-19	16:13:48	5	5	850
918	2018-02-19	16:13:48	6	3	851
918	2018-02-19	16:13:48	-1	9	852
688	2018-02-19	16:14:08	7	10	853
688	2018-02-19	16:14:08	5	6	854
688	2018-02-19	16:14:08	6	1	855
688	2018-02-19	16:14:08	-1	10	856
740	2018-02-19	18:38:37	7	2	857
740	2018-02-19	18:38:37	-1	2	858
911	2018-02-20	15:00:00	7	7	859
911	2018-02-20	15:00:00	-1	7	860
869	2018-02-20	15:05:07	7	10	861
869	2018-02-20	15:05:07	4	2	862
869	2018-02-20	15:05:07	5	7	863
869	2018-02-20	15:05:07	2	2	864
869	2018-02-20	15:05:07	3	1	865
869	2018-02-20	15:05:07	-1	10	866
682	2018-02-19	16:13:53	7	7	867
682	2018-02-19	16:13:53	4	2	868
682	2018-02-19	16:13:53	5	3	869
682	2018-02-19	16:13:53	-1	7	870
753	2018-02-19	18:34:18	7	6	871
753	2018-02-19	18:34:18	5	2	872
753	2018-02-19	18:34:18	3	1	873
753	2018-02-19	18:34:18	6	1	874
753	2018-02-19	18:34:18	-1	6	875
699	2018-02-19	18:34:36	7	2	876
699	2018-02-19	18:34:36	5	1	877
699	2018-02-19	18:34:36	6	1	878
699	2018-02-19	18:34:36	-1	2	879
716	2018-02-19	18:48:51	7	1	880
716	2018-02-19	18:48:51	5	1	881
716	2018-02-19	18:48:51	6	1	882
716	2018-02-19	18:48:51	-1	1	883
710	2018-02-19	18:48:59	7	2	884
710	2018-02-19	18:48:59	5	2	885
710	2018-02-19	18:48:59	6	2	886
710	2018-02-19	18:48:59	-1	3	887
898	2018-02-19	00:12:54	7	6	888
898	2018-02-19	00:12:54	5	3	889
898	2018-02-19	00:12:54	6	1	890
898	2018-02-19	00:12:54	-1	6	891
869	2018-02-19	17:06:48	7	11	892
869	2018-02-19	17:06:48	5	8	893
869	2018-02-19	17:06:48	-1	11	894
564	2018-02-20	15:17:50	7	10	895
564	2018-02-20	15:17:50	-1	10	896
623	2018-02-20	15:33:31	7	5	897
623	2018-02-20	15:33:31	-1	5	898
730	2018-02-20	15:33:40	7	8	899
730	2018-02-20	15:33:40	-1	8	900
683	2018-02-20	15:33:53	7	9	901
683	2018-02-20	15:33:53	-1	9	902
908	2018-02-20	15:33:47	7	5	903
908	2018-02-20	15:33:47	5	1	904
908	2018-02-20	15:33:47	-1	5	905
816	2018-02-20	15:51:15	7	8	906
816	2018-02-20	15:51:15	-1	8	907
910	2018-02-20	15:51:24	7	3	908
910	2018-02-20	15:51:24	-1	3	909
897	2018-02-20	15:37:03	7	9	910
897	2018-02-20	15:37:03	5	7	911
897	2018-02-20	15:37:03	-1	9	912
616	2018-02-20	15:59:34	7	4	913
616	2018-02-20	15:59:34	-1	4	914
743	2018-02-20	16:10:34	7	3	915
743	2018-02-20	16:10:34	-1	3	916
538	2018-02-20	16:13:53	7	9	917
538	2018-02-20	16:13:53	-1	9	918
819	2018-02-20	15:59:48	7	1	919
819	2018-02-20	15:59:48	6	1	920
819	2018-02-20	15:59:48	-1	1	921
629	2018-02-20	16:12:00	7	6	922
629	2018-02-20	16:12:00	5	4	923
629	2018-02-20	16:12:00	-1	6	924
732	2018-02-20	15:33:58	7	11	925
732	2018-02-20	15:33:58	5	10	926
732	2018-02-20	15:33:58	-1	11	927
898	2018-02-20	17:16:50	7	7	928
898	2018-02-20	17:16:50	5	4	929
898	2018-02-20	17:16:50	-1	7	930
778	2018-02-20	18:11:19	7	5	931
778	2018-02-20	18:11:19	5	4	932
778	2018-02-20	18:11:19	6	2	933
778	2018-02-20	18:11:19	-1	5	934
920	2018-02-20	18:40:39	7	2	935
920	2018-02-20	18:40:39	-1	2	936
794	2018-02-20	18:35:54	7	4	937
794	2018-02-20	18:35:54	5	2	938
794	2018-02-20	18:35:54	-1	4	939
649	2018-02-20	18:58:19	7	3	940
649	2018-02-20	18:58:19	5	2	941
649	2018-02-20	18:58:19	-1	3	942
793	2018-02-20	18:58:12	7	5	943
793	2018-02-20	18:58:12	5	5	944
793	2018-02-20	18:58:12	-1	5	945
568	2018-02-21	16:42:26	7	3	946
568	2018-02-21	16:42:26	-1	3	947
568	2018-02-20	19:34:32	7	4	948
568	2018-02-20	19:34:32	-1	4	949
710	2018-02-20	20:01:41	7	3	950
710	2018-02-20	20:01:41	-1	4	951
716	2018-02-20	20:01:47	7	2	952
716	2018-02-20	20:01:47	-1	2	953
681	2018-02-20	17:19:05	7	11	954
681	2018-02-20	17:19:05	5	3	955
681	2018-02-20	17:19:05	-1	11	956
688	2018-02-20	17:18:58	7	11	957
688	2018-02-20	17:18:58	5	7	958
688	2018-02-20	17:18:58	-1	11	959
844	2018-02-20	14:59:26	7	8	960
844	2018-02-20	14:59:26	5	4	961
844	2018-02-20	14:59:26	-1	8	962
891	2018-02-20	20:36:47	7	7	963
891	2018-02-20	20:36:47	-1	7	964
863	2018-02-20	20:28:30	7	5	965
863	2018-02-20	20:28:30	5	2	966
863	2018-02-20	20:28:30	-1	5	967
548	2018-02-20	21:15:27	7	3	968
548	2018-02-20	21:15:27	-1	3	969
828	2018-02-21	15:53:13	7	6	970
828	2018-02-21	15:53:13	-1	6	971
576	2018-02-21	15:40:23	7	4	972
576	2018-02-21	15:40:23	5	2	973
576	2018-02-21	15:40:23	1	1	974
576	2018-02-21	15:40:23	-1	4	975
693	2018-02-21	17:05:30	7	1	976
693	2018-02-21	17:05:30	-1	1	977
743	2018-02-21	15:09:03	7	4	978
743	2018-02-21	15:09:03	5	2	979
743	2018-02-21	15:09:03	-1	4	980
629	2018-02-21	15:07:40	7	7	981
629	2018-02-21	15:07:40	5	5	982
629	2018-02-21	15:07:40	1	2	983
629	2018-02-21	15:07:40	-1	7	984
649	2018-02-21	20:22:57	7	4	985
649	2018-02-21	20:22:57	5	3	986
649	2018-02-21	20:22:57	-1	4	987
682	2018-02-21	14:51:08	7	8	988
682	2018-02-21	14:51:08	5	4	989
682	2018-02-21	14:51:08	1	3	990
682	2018-02-21	14:51:08	-1	8	991
906	2018-02-21	20:24:00	7	11	992
906	2018-02-21	20:24:00	-1	11	993
687	2018-02-21	15:44:47	7	2	994
687	2018-02-21	15:44:47	5	1	995
687	2018-02-21	15:44:47	-1	2	996
793	2018-02-21	20:22:52	7	6	997
793	2018-02-21	20:22:52	5	6	998
793	2018-02-21	20:22:52	-1	6	999
730	2018-02-21	16:25:00	7	9	1000
730	2018-02-21	16:25:00	5	2	1001
730	2018-02-21	16:25:00	1	1	1002
730	2018-02-21	16:25:00	2	1	1003
730	2018-02-21	16:25:00	3	1	1004
730	2018-02-21	16:25:00	6	1	1005
730	2018-02-21	16:25:00	-1	9	1006
869	2018-02-21	15:13:25	7	12	1007
869	2018-02-21	15:13:25	4	3	1008
869	2018-02-21	15:13:25	1	1	1009
869	2018-02-21	15:13:25	-1	12	1010
548	2018-02-21	15:00:11	7	4	1011
548	2018-02-21	15:00:11	5	3	1012
548	2018-02-21	15:00:11	1	1	1013
548	2018-02-21	15:00:11	-1	4	1014
715	2018-02-21	18:16:00	7	5	1015
715	2018-02-21	18:16:00	4	1	1016
715	2018-02-21	18:16:00	-1	5	1017
870	2018-02-21	18:51:08	7	2	1018
870	2018-02-21	18:51:08	5	2	1019
870	2018-02-21	18:51:08	6	2	1020
870	2018-02-21	18:51:08	-1	2	1021
681	2018-02-21	16:45:18	7	12	1022
681	2018-02-21	16:45:18	5	4	1023
681	2018-02-21	16:45:18	-1	12	1024
652	2018-02-21	16:39:32	7	6	1025
652	2018-02-21	16:39:32	5	2	1026
652	2018-02-21	16:39:32	-1	6	1027
706	2018-02-21	16:39:20	7	6	1028
706	2018-02-21	16:39:20	5	3	1029
706	2018-02-21	16:39:20	-1	6	1030
564	2018-02-21	18:15:56	7	11	1031
564	2018-02-21	18:15:56	4	1	1032
564	2018-02-21	18:15:56	-1	11	1033
918	2018-02-21	15:30:21	7	10	1034
918	2018-02-21	15:30:21	1	1	1035
918	2018-02-21	15:30:21	6	4	1036
918	2018-02-21	15:30:21	-1	10	1037
538	2018-02-21	15:00:24	7	10	1038
538	2018-02-21	15:00:24	1	1	1039
538	2018-02-21	15:00:24	-1	10	1040
844	2018-02-21	14:57:31	7	9	1041
844	2018-02-21	14:57:31	5	5	1042
844	2018-02-21	14:57:31	-1	9	1043
688	2018-02-21	15:30:15	7	12	1044
688	2018-02-21	15:30:15	5	8	1045
688	2018-02-21	15:30:15	-1	12	1046
667	2018-02-21	19:09:09	7	9	1047
667	2018-02-21	19:09:09	2	2	1048
667	2018-02-21	19:09:09	-1	9	1049
583	2018-02-21	20:19:26	7	10	1050
583	2018-02-21	20:19:26	-1	10	1051
914	2018-02-21	21:03:21	7	3	1052
914	2018-02-21	21:03:21	-1	3	1053
732	2018-02-21	17:13:15	7	12	1054
732	2018-02-21	17:13:15	5	11	1055
732	2018-02-21	17:13:15	6	5	1056
732	2018-02-21	17:13:15	-1	12	1057
911	2018-02-21	15:00:18	7	8	1058
911	2018-02-21	15:00:18	5	3	1059
911	2018-02-21	15:00:18	1	1	1060
911	2018-02-21	15:00:18	6	1	1061
911	2018-02-21	15:00:18	-1	8	1062
746	2018-02-21	19:09:04	7	10	1063
746	2018-02-21	19:09:04	2	2	1064
746	2018-02-21	19:09:04	6	1	1065
746	2018-02-21	19:09:04	-1	10	1066
869	2018-02-17	15:15:41	1	7	652
\.


--
-- Data for Name: feedback; Type: TABLE DATA; Schema: public; Owner: postgres
--

COPY public.feedback (date, comment) FROM stdin;
\.


--
-- Data for Name: old_students; Type: TABLE DATA; Schema: public; Owner: postgres
--

COPY public.old_students (first_name, last_name, id, first_attendance, number_visits) FROM stdin;
Crystal	Emerfoll	897	\N	\N
Cookie	Lee	899	\N	\N
Alivia	Benjamin	553	\N	\N
Blake	Anderson	528	\N	\N
Kiara	Anderson	530	\N	\N
Abigail	Andrade	531	\N	\N
Charles	Anthony	533	\N	\N
Mindy	Ascencio Bravo	534	\N	\N
Blake	Atkinson	535	\N	\N
Marissa	Bahm	538	\N	\N
Seveth	Baker	539	\N	\N
Taj	Baker	540	\N	\N
Zoey	Baker	541	\N	\N
Crystal	Bakken	542	\N	\N
Michael	Baltazar	543	\N	\N
Marcus	Basina	544	\N	\N
Savanna	Basina	545	\N	\N
Isabella	Bathen	546	\N	\N
Gabe	Bauernfeind	547	\N	\N
Mason	Beardsley	548	\N	\N
Ann	Beimers	549	\N	\N
Evra	Beiser	550	\N	\N
Dylan	Belangeri	551	\N	\N
Connor	Benjamin	554	\N	\N
Nicholas	Berg	555	\N	\N
Levi	Bergman	556	\N	\N
Rachel	Bielenberg	557	\N	\N
Tori	Billmeyer	558	\N	\N
Hunter	Bolton	559	\N	\N
Nick	Borene	560	\N	\N
Noah	Boutan	562	\N	\N
Gina	Bradford	563	\N	\N
Alexis	Branham	564	\N	\N
Amber	Branham	565	\N	\N
Lisa	Brastad	566	\N	\N
Alden	Brown	568	\N	\N
Demetrius	Brown	569	\N	\N
Noah	Bruestle	570	\N	\N
James	Bull	572	\N	\N
Bryn	Burbank	573	\N	\N
Evelyn	Burciaga	574	\N	\N
Rhianna	Burwell	575	\N	\N
Bella	Callery	576	\N	\N
Luis	Calvario	577	\N	\N
Nicte	Calvario	578	\N	\N
Lindsay	Cameron	579	\N	\N
Shay	Canning	580	\N	\N
Tanner	Carey	581	\N	\N
Casey	Carriel	582	\N	\N
Greenwood	Champ	584	\N	\N
Angel	Chavez	585	\N	\N
Daniel	Chavez	586	\N	\N
Jasmine	Chester	587	\N	\N
Regan	Childress	588	\N	\N
Leonardo	Church	589	\N	\N
Rafaela	Cogan	591	\N	\N
Sam	Coleman	592	\N	\N
Evan	Colling	593	\N	\N
Rowen	Colling	594	\N	\N
Garrett	Condon	595	\N	\N
Luis	Contreras	596	\N	\N
Keara	Cooney	597	\N	\N
Irvin	Corona	598	\N	\N
Trey	Coudret	599	\N	\N
Liam	Craig	600	\N	\N
Alden	Cristofaro Hark	601	\N	\N
Jack	Cuddy	602	\N	\N
Elliott	Dahl	603	\N	\N
Nathaniel	Dahl	604	\N	\N
Andres	Delacruz	605	\N	\N
Alida	Dice	606	\N	\N
Daniel	Dickerson	607	\N	\N
Augustine	Dittrich	608	\N	\N
River	Dittrich	609	\N	\N
Brooke	Dobmeier	610	\N	\N
Dayna	Dobmeier	611	\N	\N
Morgan	Dobmeier	612	\N	\N
Ryan	Docken	613	\N	\N
Chad	Dougherty	614	\N	\N
Cole	Drummer	615	\N	\N
Sam	Dwyer	616	\N	\N
Sydnee	Eddy	617	\N	\N
Hannah	Edwards	618	\N	\N
Emily	Eicher	619	\N	\N
Evan	Ell	620	\N	\N
Owin	Ell	621	\N	\N
Angel	Embertson	622	\N	\N
Taz	Epps	623	\N	\N
Taylor	Ernste	624	\N	\N
Gabriella	Estrada	625	\N	\N
Eric	Etzell	626	\N	\N
Marek	Feemster	627	\N	\N
Mariah	Feidt	628	\N	\N
Coltin	Fessler	629	\N	\N
Cortney	Fischer	630	\N	\N
Marie	Fischer	631	\N	\N
Annika	Fisher	632	\N	\N
Armando	Flores	633	\N	\N
Helen	Forsythe	634	\N	\N
Kenzie	Fox	635	\N	\N
Molly	Fox	636	\N	\N
Aaron	Frederick	637	\N	\N
Spencer	Fredrickson	638	\N	\N
Karissa	Freundschuh	639	\N	\N
Cristian	Fuentes Rivera	640	\N	\N
Nathan	Gannon	641	\N	\N
Melanie	Garcia	642	\N	\N
Jose	Garcia Rosas	643	\N	\N
Keaton	Garrity	644	\N	\N
Logan	Garry	645	\N	\N
Nikita	Geissler	646	\N	\N
Cole	Gilbertson	647	\N	\N
Daisy	Gomez	648	\N	\N
Randy	Gonzales	649	\N	\N
Marchaal	Gonzalez Benitez	650	\N	\N
Austin	Gordon	651	\N	\N
Andrew	Graff	652	\N	\N
Collin	Graham	653	\N	\N
Camie	Gramley	654	\N	\N
Daniel	Gransee Bowman	655	\N	\N
Hunter	Gransee Bowman	656	\N	\N
Lucas	Graske	657	\N	\N
Hannah	Grawe	658	\N	\N
Brynne	Gray	659	\N	\N
Caroline	Gray	660	\N	\N
Audrey	Green	661	\N	\N
Austin	Grobe	662	\N	\N
Anna	Gruenwald	663	\N	\N
Taylor	Haagensen	664	\N	\N
Kara	Hagen	665	\N	\N
Delina	Haileab	666	\N	\N
Brady	Harman	667	\N	\N
Brandon	Hatfield	668	\N	\N
Dawson	Hatfield	669	\N	\N
Brody	Haugan	670	\N	\N
May	Hayes	671	\N	\N
Draven	Hendershot	672	\N	\N
Ashley	Hensley	673	\N	\N
Alexandra	Hernandez	674	\N	\N
Austin	Higgins	675	\N	\N
Stefan	Hines	676	\N	\N
Bergen	Hoff	677	\N	\N
Connor	Houts	678	\N	\N
Lainey	Houts	679	\N	\N
Anna	Hruza	680	\N	\N
Emily	Hurlbert	681	\N	\N
Chase	Ingraham	682	\N	\N
Matt	Coffey	590	\N	\N
Mady	Brennan	567	\N	\N
James	Ayers	536	\N	\N
Ella	Andrew	532	\N	\N
Nick	Tupa	898	\N	\N
Katelyn	Anderson	529	\N	\N
Katie	Bells	552	\N	\N
Jake	Israel	683	\N	\N
Paul	Carrington-May	583	\N	\N
Taz	Jackson	684	\N	\N
Luke	Javner	685	\N	\N
Jordan	Jayceen	686	\N	\N
Brian	Jeffrey	687	\N	\N
Chelsea	Johnson	688	\N	\N
Kajsa	Johnson	689	\N	\N
Collin	Jones	690	\N	\N
Tristan	Kastan	691	\N	\N
Jens	Kasten	692	\N	\N
Drennan	Kayser	693	\N	\N
Nyah	Kayser	694	\N	\N
Miranda	Keilen	695	\N	\N
Samantha	Keilen	696	\N	\N
Mimi	Keita	697	\N	\N
Andrew	Kell	698	\N	\N
Kimberly	Kidd	699	\N	\N
Cassidy	Kimber	700	\N	\N
Dylan	King	701	\N	\N
Logan	King	702	\N	\N
Willa	Kmoch	703	\N	\N
Lincoln	Knight	704	\N	\N
Owen	Knight	705	\N	\N
Brodey	Kocina	706	\N	\N
Tristin	Kocina	707	\N	\N
Caitlin	Koktavy	708	\N	\N
Cassidy	Kolb	709	\N	\N
Elias	Kruse	711	\N	\N
Kayla	Kubes	712	\N	\N
Kyle	Lafontaine	713	\N	\N
Isaac	Lager	714	\N	\N
Alyssa	Lamont	715	\N	\N
Veronica	Larkin	716	\N	\N
Jared	Larson	717	\N	\N
Reine	Larson	718	\N	\N
Jenna	Leal	719	\N	\N
Allie	Lee	720	\N	\N
Asdis	Lee	721	\N	\N
Kai	Legvold	722	\N	\N
Gavin	Lenore	723	\N	\N
Nicholas	Lopez Evje	724	\N	\N
Jon	Lovoll	725	\N	\N
Kaylie	Lundgren	726	\N	\N
Landen	Lundgren	727	\N	\N
Erik	Lundstrom	728	\N	\N
Henry	Lundstrom	729	\N	\N
Skylar	Mace	730	\N	\N
Lily	Madderom	731	\N	\N
Isaac	Mahle	732	\N	\N
Halle	Maki-waller	733	\N	\N
Saija	Maki-Waller	734	\N	\N
Ryan	Malecha	735	\N	\N
Ashley	Marek	736	\N	\N
Niktae	Marroquin-Haslett	737	\N	\N
Oliver	Math	738	\N	\N
Theo	Mattson	739	\N	\N
Isabell	McCallum	740	\N	\N
Jenny	McCracken	741	\N	\N
Connor	McGregor	743	\N	\N
Amanda	McMahon	744	\N	\N
Tyler	McNicholl	745	\N	\N
Jordan	Meehan	746	\N	\N
Luke	Meyers	747	\N	\N
Dustin	Mielke	748	\N	\N
Kaycie	Miesen	749	\N	\N
John	Miller	750	\N	\N
Mia	Mollenhauer	751	\N	\N
Diana	Montero	752	\N	\N
Scott	Morrison	753	\N	\N
Noah	Moyer	754	\N	\N
Mason	Muir	755	\N	\N
Tayden	Nadeau	756	\N	\N
Cohltin	Namanny	757	\N	\N
Ashlynn	Nelson	758	\N	\N
Cassie	Nelson	759	\N	\N
Piper	Nelson	760	\N	\N
Chloe	Nielsen	761	\N	\N
Monica	Nustad	762	\N	\N
Jacob	Odette	763	\N	\N
Jenna	Olien	764	\N	\N
Cynthia	Olivo	765	\N	\N
Mya	Olivo	766	\N	\N
Blane	Olson	767	\N	\N
Colby	Olson	768	\N	\N
Dylan	Olson	769	\N	\N
Hunter	Olson	770	\N	\N
Jessica	Olson	771	\N	\N
Josiah	Olson	772	\N	\N
Micah	Olson	773	\N	\N
Todd	Olson	774	\N	\N
Ashley	Olsson	775	\N	\N
Mikayla	Orozco	776	\N	\N
Aldo	Ortiz	777	\N	\N
Rodrigo	Ortiz Jr.	778	\N	\N
Christian	Osorio	779	\N	\N
Jack	Overstreet	780	\N	\N
Orvin	Ovol	781	\N	\N
Evan	Paetzel	782	\N	\N
A	Pahs	783	\N	\N
Hannah	Pahs	784	\N	\N
Ethan	Parsons	785	\N	\N
Geo	Paulson	786	\N	\N
Luis	Peralta Arroyo	787	\N	\N
Kyrene	Peterson	788	\N	\N
Annaleah	Ponder	789	\N	\N
Isaac	Pontow	790	\N	\N
Brett	Price	791	\N	\N
Caroline	Pritchard	792	\N	\N
Sebastian	Prue	793	\N	\N
Joshua	Pumper	794	\N	\N
Jose	Quintero	795	\N	\N
Liliana	Quiroga	796	\N	\N
Viviana	Quiroga	797	\N	\N
Julia	Radtke	798	\N	\N
Isaiah	Read	799	\N	\N
Darrion	Rech	800	\N	\N
Collin	Ress	801	\N	\N
Jaime	Rice	802	\N	\N
Annika	Richardson	803	\N	\N
Rayanah	Richmond	804	\N	\N
Matthew	Riehm	805	\N	\N
Isaac	Riggins	806	\N	\N
Tessa	Riley	807	\N	\N
Hannah	Ringlien	808	\N	\N
Ismael	Rivera	809	\N	\N
Reyna	Rivera	810	\N	\N
Anna	Rodenberg	811	\N	\N
Brandon	Rohda	812	\N	\N
Abraham	Rosas	813	\N	\N
Andrew	Ross	814	\N	\N
Chloe	Rozga	815	\N	\N
Brooke	Schultz	816	\N	\N
Jeanine	Schwartz	817	\N	\N
Megan	Schwartz	818	\N	\N
Alayna	Schwieger	819	\N	\N
Chloe	Schwietz	820	\N	\N
Maya	Scofield	821	\N	\N
Cori	Searcy	822	\N	\N
Tanis	Sears	823	\N	\N
Mariah	Shannon	824	\N	\N
David	Shelby	825	\N	\N
Will	Shelby	826	\N	\N
Emily	Sherman	827	\N	\N
Emily	Simonson	828	\N	\N
Abby	Sjolund	829	\N	\N
Sarah	Skroch	830	\N	\N
Courtney	Smith	831	\N	\N
Trevor	Spillman	832	\N	\N
Cooper	Stadler	833	\N	\N
Isabelle	Stadler	834	\N	\N
Alexander	Stanton	835	\N	\N
Mackenzie	Stanton	836	\N	\N
Caitlyn	Stegall	837	\N	\N
Cameron	Stinnett	838	\N	\N
Benjamin	Stulken	839	\N	\N
Jacob	Stulken	840	\N	\N
Isaiah	Suarez	841	\N	\N
Tyreese	Suhl	842	\N	\N
Tyrone	Suhl	843	\N	\N
Jessica	Sullivan	844	\N	\N
Ryan	Sullivan	845	\N	\N
Jacob	Svendahl	846	\N	\N
Robert	Swenson	847	\N	\N
Alannah	Switzer	848	\N	\N
Leslie	Tamayo	849	\N	\N
Devin	Taylor	850	\N	\N
Allen	Thibodeau	851	\N	\N
Jaykob	Thimsen	852	\N	\N
Sienna	Tisdale	853	\N	\N
Austin	Towley	854	\N	\N
Bao	Tran	855	\N	\N
Leslie	Tranby	856	\N	\N
Alex	Trebelhorn	857	\N	\N
Mariah	Trujillo	858	\N	\N
Thao	Truong	859	\N	\N
Gage	Tuma	860	\N	\N
Brandon	Underdahl	861	\N	\N
Nathaniel	Urke	862	\N	\N
Isac	Valek	863	\N	\N
Levi	Vander Martin	864	\N	\N
Yanessa	Vazquez	865	\N	\N
Adrian	Vega	866	\N	\N
Damien	Verdeja	867	\N	\N
Elizabeth	Vosejpka	868	\N	\N
Kyle	Wagner	869	\N	\N
Lucy	Wagner	870	\N	\N
Jade	Waldron	871	\N	\N
Ashley	Wallin	872	\N	\N
River	Weeks	873	\N	\N
Jayden	Wefel	874	\N	\N
Taylor	Wefel Cordes	875	\N	\N
Allison	Weise	876	\N	\N
Gustaf	Welbaum	877	\N	\N
Savannah	Welch	878	\N	\N
Toby	Welch	879	\N	\N
Shayden	Wellentin	880	\N	\N
Connor	Wesling	881	\N	\N
Nadia	Whitcomb	882	\N	\N
Chayce	White	883	\N	\N
Mitchell	Wick	884	\N	\N
Nikolas	Wicklund	885	\N	\N
Gavin	Willis	886	\N	\N
Tom	Winter	887	\N	\N
Luke	Wiskus	888	\N	\N
Jason	Woitalla	889	\N	\N
Jenna	Woitalla	890	\N	\N
Alice	Wykes	891	\N	\N
Haowen	Xiao	892	\N	\N
Gabriella	Yciano	893	\N	\N
Luis	Yciano	894	\N	\N
Cole	Younger	895	\N	\N
Rikka	Zillmer	896	\N	\N
Joe	Junio	900	\N	\N
Paul	Rider	918	\N	\N
Maddie	Kerling	901	\N	\N
Kody	Riley	919	\N	\N
Jeremy	Prins	920	\N	\N
Paul	Seitez	921	\N	\N
Dave	Castro	902	\N	\N
Dave	Cast	903	\N	\N
Madelyn	Bahm	537	\N	\N
James	Krejce	922	\N	\N
Lexis	Henry	923	\N	\N
Grace	Aldrich	924	\N	\N
Anthony	McDonnell	742	\N	\N
Jennifer	Boudreau	561	\N	\N
Albar	Acevedo	527	\N	\N
Kathryn	Kovachev (Casulla)	710	\N	\N
Katie	Brust	571	\N	\N
Emily	Kelleher	906	\N	\N
Quenten	Green	907	\N	\N
Samantha	Swanson	908	\N	\N
Karissa	Neumann	910	\N	\N
Austin	Rupe	911	\N	\N
Kolby	Olson	912	\N	\N
Seth	Jacques	913	\N	\N
Chris	Morales	914	\N	\N
Amanda	Kvestad	915	\N	\N
Hunter	Kelleher	916	\N	\N
Connor	Smith	917	\N	\N
\.


--
-- Data for Name: studentcolumns; Type: TABLE DATA; Schema: public; Owner: postgres
--

COPY public.studentcolumns (info_id, is_showing, quick_add, name, type, defined_options) FROM stdin;
3	t	\N	Gender	varchar(500)	\N
4	t	\N	Nickname	varchar(500)	\N
5	t	\N	School	varchar(500)	\N
6	f	f	photopath	varchar	\N
1	t	t	Age	int	\N
2	t	t	Birthday	date	\N
\.


--
-- Data for Name: studentinfo; Type: TABLE DATA; Schema: public; Owner: postgres
--

COPY public.studentinfo (student_id, info_id, int_value, str_value, bool_value, date_value, time_value) FROM stdin;
553	1	17	\N	\N	\N	\N
553	4	\N	Ali	\N	\N	\N
536	4	\N	Jay	\N	\N	\N
536	1	15	\N	\N	\N	\N
901	4	\N	May	\N	\N	\N
527	4	\N	Al	\N	\N	\N
906	3	\N	Female	\N	\N	\N
906	5	\N	Northfield ALC	\N	\N	\N
901	1	13	\N	\N	\N	\N
901	2	\N	\N	\N	\N	\N
527	1	\N	\N	\N	\N	\N
527	2	\N	\N	\N	\N	\N
652	2	\N	\N	\N	\N	\N
652	1	\N	\N	\N	\N	\N
681	1	\N	\N	\N	\N	\N
681	2	\N	\N	\N	\N	\N
620	1	\N	\N	\N	\N	\N
620	2	\N	\N	\N	\N	\N
897	1	\N	\N	\N	\N	\N
897	2	\N	\N	\N	\N	\N
683	1	\N	\N	\N	\N	\N
683	2	\N	\N	\N	\N	\N
906	1	\N	\N	\N	\N	\N
906	2	\N	\N	\N	\N	\N
\.


--
-- Data for Name: students; Type: TABLE DATA; Schema: public; Owner: postgres
--

COPY public.students (first_name, last_name, id, first_attendance, number_visits) FROM stdin;
Crystal	Emerfoll	897	2017-01-01	9
Emily	Kelleher	906	2017-01-01	11
Logan	Garry	645	2017-01-01	0
Eric	Etzell	626	2017-01-01	0
Marek	Feemster	627	2017-01-01	0
Mariah	Feidt	628	2017-01-01	0
Marie	Fischer	631	2017-01-01	0
Annika	Fisher	632	2017-01-01	0
Armando	Flores	633	2017-01-01	0
Helen	Forsythe	634	2017-01-01	0
Kenzie	Fox	635	2017-01-01	0
Molly	Fox	636	2017-01-01	0
Aaron	Frederick	637	2017-01-01	0
Drennan	Kayser	693	2017-01-01	1
Kimberly	Kidd	699	2017-01-01	2
Brodey	Kocina	706	2017-01-01	6
Alyssa	Lamont	715	2017-01-01	5
Veronica	Larkin	716	2017-01-01	2
Kai	Legvold	722	2017-01-01	1
Jon	Lovoll	725	2017-01-01	1
Skylar	Mace	730	2017-01-01	9
Lily	Madderom	731	2017-01-01	1
Isabell	McCallum	740	2017-01-01	2
Connor	McGregor	743	2017-01-01	4
Scott	Morrison	753	2017-01-01	6
Colby	Olson	768	2017-01-01	1
Rodrigo	Ortiz Jr.	778	2017-01-01	5
Evan	Paetzel	782	2017-01-01	1
Geo	Paulson	786	2017-01-01	1
Sebastian	Prue	793	2017-01-01	6
Andrew	Ross	814	2017-01-01	5
Brooke	Schultz	816	2017-01-01	8
Alayna	Schwieger	819	2017-01-01	1
David	Shelby	825	2017-01-01	1
Emily	Simonson	828	2017-01-01	6
Isaiah	Suarez	841	2017-01-01	2
Jessica	Sullivan	844	2017-01-01	9
Devin	Taylor	850	2017-01-01	3
Jake	Israel	683	2017-01-01	9
Cortney	Fischer	630	2017-01-01	7
Jack	Cuddy	602	2017-01-01	0
Lucas	Graske	657	2017-01-01	1
Spencer	Fredrickson	638	2017-01-01	0
Karissa	Freundschuh	639	2017-01-01	0
Cristian	Fuentes Rivera	640	2017-01-01	0
Nathan	Gannon	641	2017-01-01	0
Melanie	Garcia	642	2017-01-01	0
Jose	Garcia Rosas	643	2017-01-01	0
Keaton	Garrity	644	2017-01-01	0
Nikita	Geissler	646	2017-01-01	0
Daisy	Gomez	648	2017-01-01	0
Marchaal	Gonzalez Benitez	650	2017-01-01	0
Austin	Gordon	651	2017-01-01	0
Collin	Graham	653	2017-01-01	0
Camie	Gramley	654	2017-01-01	0
Daniel	Gransee Bowman	655	2017-01-01	0
Hunter	Gransee Bowman	656	2017-01-01	0
Brynne	Gray	659	2017-01-01	0
Caroline	Gray	660	2017-01-01	0
Audrey	Green	661	2017-01-01	0
Austin	Grobe	662	2017-01-01	0
Anna	Gruenwald	663	2017-01-01	0
Taylor	Haagensen	664	2017-01-01	0
Cookie	Lee	899	2017-01-01	3
Alida	Dice	606	2017-01-01	1
Sam	Dwyer	616	2017-01-01	4
Taz	Epps	623	2017-01-01	5
Coltin	Fessler	629	2017-01-01	7
Cole	Gilbertson	647	2017-01-01	1
Randy	Gonzales	649	2017-01-01	4
Andrew	Graff	652	2017-01-01	6
Kara	Hagen	665	2017-01-01	3
Brady	Harman	667	2017-01-01	9
Brody	Haugan	670	2017-01-01	5
Alexandra	Hernandez	674	2017-01-01	5
Austin	Higgins	675	2017-01-01	1
Nick	Tupa	898	2017-01-01	7
Brian	Jeffrey	687	2017-01-01	2
Marcus	Basina	544	2017-01-01	0
Luke	Javner	685	2017-01-01	0
Jordan	Jayceen	686	2017-01-01	0
Kajsa	Johnson	689	2017-01-01	0
Tristan	Kastan	691	2017-01-01	0
Jens	Kasten	692	2017-01-01	0
Nyah	Kayser	694	2017-01-01	0
Miranda	Keilen	695	2017-01-01	0
Samantha	Keilen	696	2017-01-01	0
Mimi	Keita	697	2017-01-01	0
Andrew	Kell	698	2017-01-01	0
Cassidy	Kimber	700	2017-01-01	0
Dylan	King	701	2017-01-01	0
Logan	King	702	2017-01-01	0
Willa	Kmoch	703	2017-01-01	0
Lincoln	Knight	704	2017-01-01	0
Owen	Knight	705	2017-01-01	0
Tristin	Kocina	707	2017-01-01	0
Caitlin	Koktavy	708	2017-01-01	0
Cassidy	Kolb	709	2017-01-01	0
Kayla	Kubes	712	2017-01-01	0
Kyle	Lafontaine	713	2017-01-01	0
Isaac	Lager	714	2017-01-01	0
Jared	Larson	717	2017-01-01	0
Reine	Larson	718	2017-01-01	0
Jenna	Leal	719	2017-01-01	0
Allie	Lee	720	2017-01-01	0
Asdis	Lee	721	2017-01-01	0
Gavin	Lenore	723	2017-01-01	0
Nicholas	Lopez Evje	724	2017-01-01	0
Kaylie	Lundgren	726	2017-01-01	0
Landen	Lundgren	727	2017-01-01	0
Erik	Lundstrom	728	2017-01-01	0
Henry	Lundstrom	729	2017-01-01	0
Halle	Maki-waller	733	2017-01-01	0
Saija	Maki-Waller	734	2017-01-01	0
Ryan	Malecha	735	2017-01-01	0
Ashley	Marek	736	2017-01-01	0
Niktae	Marroquin-Haslett	737	2017-01-01	0
Oliver	Math	738	2017-01-01	0
Theo	Mattson	739	2017-01-01	0
Alex	Trebelhorn	857	2017-01-01	6
Brandon	Underdahl	861	2017-01-01	2
Isac	Valek	863	2017-01-01	5
Damien	Verdeja	867	2017-01-01	3
Lucy	Wagner	870	2017-01-01	2
Nadia	Whitcomb	882	2017-01-01	4
Luke	Wiskus	888	2017-01-01	2
Alice	Wykes	891	2017-01-01	7
Paul	Rider	918	2017-01-01	10
Kody	Riley	919	2017-01-01	1
Jeremy	Prins	920	2017-01-01	2
Paul	Seitez	921	2017-01-01	1
James	Krejce	922	2017-01-01	1
Lexis	Henry	923	2017-01-01	1
Grace	Aldrich	924	2017-01-01	1
Anthony	McDonnell	742	2017-01-01	1
Kathryn	Kovachev (Casulla)	710	2017-01-01	4
Quenten	Green	907	2017-01-01	1
Hannah	Grawe	658	2017-01-01	-1
Jordan	Meehan	746	2017-01-01	10
Joshua	Pumper	794	2017-01-01	4
Collin	Jones	690	2017-01-01	3
Isaac	Mahle	732	2017-01-01	11
Chelsea	Johnson	688	2017-01-01	11
Emily	Hurlbert	681	2017-01-01	10
Angel	Chavez	585	2017-01-01	0
Alexis	Branham	564	2017-01-01	11
Marissa	Bahm	538	2017-01-01	9
Jasmine	Chester	587	2017-01-01	2
Amber	Branham	565	2017-01-01	1
Tanner	Carey	581	2017-01-01	1
James	Bull	572	2017-01-01	0
Nicholas	Berg	555	2017-01-01	0
Mason	Beardsley	548	2017-01-01	4
Alden	Brown	568	2017-01-01	4
Katie	Bells	552	2017-01-01	1
Paul	Carrington-May	583	2017-01-01	10
Taj	Baker	540	2017-01-01	0
Zoey	Baker	541	2017-01-01	0
Crystal	Bakken	542	2017-01-01	0
Michael	Baltazar	543	2017-01-01	0
Chad	Dougherty	614	2017-01-01	0
Cole	Drummer	615	2017-01-01	0
Sydnee	Eddy	617	2017-01-01	0
Hannah	Edwards	618	2017-01-01	0
Emily	Eicher	619	2017-01-01	0
Evan	Ell	620	2017-01-01	0
Owin	Ell	621	2017-01-01	0
Angel	Embertson	622	2017-01-01	0
Taylor	Ernste	624	2017-01-01	0
Gabriella	Estrada	625	2017-01-01	0
Delina	Haileab	666	2017-01-01	0
Brandon	Hatfield	668	2017-01-01	0
Dawson	Hatfield	669	2017-01-01	0
May	Hayes	671	2017-01-01	0
Draven	Hendershot	672	2017-01-01	0
Ashley	Hensley	673	2017-01-01	0
Stefan	Hines	676	2017-01-01	0
Bergen	Hoff	677	2017-01-01	0
Connor	Houts	678	2017-01-01	0
Lainey	Houts	679	2017-01-01	0
Anna	Hruza	680	2017-01-01	0
Elias	Kruse	711	2017-01-01	0
Samantha	Swanson	908	2017-01-01	5
Karissa	Neumann	910	2017-01-01	3
Austin	Rupe	911	2017-01-01	8
Kolby	Olson	912	2017-01-01	1
Seth	Jacques	913	2017-01-01	1
Chris	Morales	914	2017-01-01	3
Amanda	Kvestad	915	2017-01-01	5
Hunter	Kelleher	916	2017-01-01	1
Connor	Smith	917	2017-01-01	1
Jenny	McCracken	741	2017-01-01	0
Amanda	McMahon	744	2017-01-01	0
Tyler	McNicholl	745	2017-01-01	0
Luke	Meyers	747	2017-01-01	0
Dustin	Mielke	748	2017-01-01	0
Kaycie	Miesen	749	2017-01-01	0
John	Miller	750	2017-01-01	0
Mia	Mollenhauer	751	2017-01-01	0
Diana	Montero	752	2017-01-01	0
Noah	Moyer	754	2017-01-01	0
Mason	Muir	755	2017-01-01	0
Tayden	Nadeau	756	2017-01-01	0
Cohltin	Namanny	757	2017-01-01	0
Ashlynn	Nelson	758	2017-01-01	0
Cassie	Nelson	759	2017-01-01	0
Piper	Nelson	760	2017-01-01	0
Chloe	Nielsen	761	2017-01-01	0
Monica	Nustad	762	2017-01-01	0
Jacob	Odette	763	2017-01-01	0
Jenna	Olien	764	2017-01-01	0
Cynthia	Olivo	765	2017-01-01	0
Mya	Olivo	766	2017-01-01	0
Blane	Olson	767	2017-01-01	0
Taz	Jackson	684	2017-01-01	0
Dylan	Olson	769	2017-01-01	0
Hunter	Olson	770	2017-01-01	0
Jessica	Olson	771	2017-01-01	0
Josiah	Olson	772	2017-01-01	0
Micah	Olson	773	2017-01-01	0
Todd	Olson	774	2017-01-01	0
Ashley	Olsson	775	2017-01-01	0
Mikayla	Orozco	776	2017-01-01	0
Aldo	Ortiz	777	2017-01-01	0
Christian	Osorio	779	2017-01-01	0
Jack	Overstreet	780	2017-01-01	0
Orvin	Ovol	781	2017-01-01	0
A	Pahs	783	2017-01-01	0
Hannah	Pahs	784	2017-01-01	0
Ethan	Parsons	785	2017-01-01	0
Luis	Peralta Arroyo	787	2017-01-01	0
Kyrene	Peterson	788	2017-01-01	0
Annaleah	Ponder	789	2017-01-01	0
Isaac	Pontow	790	2017-01-01	0
Brett	Price	791	2017-01-01	0
Jose	Quintero	795	2017-01-01	0
Liliana	Quiroga	796	2017-01-01	0
Viviana	Quiroga	797	2017-01-01	0
Julia	Radtke	798	2017-01-01	0
Isaiah	Read	799	2017-01-01	0
Matt	Coffey	590	2017-01-01	0
Kyle	Wagner	869	2017-01-01	11
Darrion	Rech	800	2017-01-01	0
Collin	Ress	801	2017-01-01	0
Jaime	Rice	802	2017-01-01	0
Annika	Richardson	803	2017-01-01	0
Rayanah	Richmond	804	2017-01-01	0
Matthew	Riehm	805	2017-01-01	0
Isaac	Riggins	806	2017-01-01	0
Tessa	Riley	807	2017-01-01	0
Hannah	Ringlien	808	2017-01-01	0
Ismael	Rivera	809	2017-01-01	0
Reyna	Rivera	810	2017-01-01	0
Anna	Rodenberg	811	2017-01-01	0
Brandon	Rohda	812	2017-01-01	0
Abraham	Rosas	813	2017-01-01	0
Savanna	Basina	545	2017-01-01	0
Isabella	Bathen	546	2017-01-01	0
Gabe	Bauernfeind	547	2017-01-01	0
Ann	Beimers	549	2017-01-01	0
Evra	Beiser	550	2017-01-01	0
Dylan	Belangeri	551	2017-01-01	0
Connor	Benjamin	554	2017-01-01	0
Levi	Bergman	556	2017-01-01	0
Rachel	Bielenberg	557	2017-01-01	0
Tori	Billmeyer	558	2017-01-01	0
Hunter	Bolton	559	2017-01-01	0
Nick	Borene	560	2017-01-01	0
Noah	Boutan	562	2017-01-01	0
Gina	Bradford	563	2017-01-01	0
Lisa	Brastad	566	2017-01-01	0
Demetrius	Brown	569	2017-01-01	0
Noah	Bruestle	570	2017-01-01	0
Bryn	Burbank	573	2017-01-01	0
Evelyn	Burciaga	574	2017-01-01	0
Rhianna	Burwell	575	2017-01-01	0
Luis	Calvario	577	2017-01-01	0
Nicte	Calvario	578	2017-01-01	0
Lindsay	Cameron	579	2017-01-01	0
Shay	Canning	580	2017-01-01	0
Casey	Carriel	582	2017-01-01	0
Greenwood	Champ	584	2017-01-01	0
Daniel	Chavez	586	2017-01-01	0
Regan	Childress	588	2017-01-01	0
Leonardo	Church	589	2017-01-01	0
Rafaela	Cogan	591	2017-01-01	0
Sam	Coleman	592	2017-01-01	0
Evan	Colling	593	2017-01-01	0
Rowen	Colling	594	2017-01-01	0
Garrett	Condon	595	2017-01-01	0
Luis	Contreras	596	2017-01-01	0
Keara	Cooney	597	2017-01-01	0
Irvin	Corona	598	2017-01-01	0
Trey	Coudret	599	2017-01-01	0
Chloe	Rozga	815	2017-01-01	0
Jeanine	Schwartz	817	2017-01-01	0
Megan	Schwartz	818	2017-01-01	0
Chloe	Schwietz	820	2017-01-01	0
Maya	Scofield	821	2017-01-01	0
Cori	Searcy	822	2017-01-01	0
Tanis	Sears	823	2017-01-01	0
Mariah	Shannon	824	2017-01-01	0
Will	Shelby	826	2017-01-01	0
Emily	Sherman	827	2017-01-01	0
Abby	Sjolund	829	2017-01-01	0
Sarah	Skroch	830	2017-01-01	0
Courtney	Smith	831	2017-01-01	0
Trevor	Spillman	832	2017-01-01	0
Cooper	Stadler	833	2017-01-01	0
Isabelle	Stadler	834	2017-01-01	0
Alexander	Stanton	835	2017-01-01	0
Mackenzie	Stanton	836	2017-01-01	0
Caitlyn	Stegall	837	2017-01-01	0
Cameron	Stinnett	838	2017-01-01	0
Benjamin	Stulken	839	2017-01-01	0
Jacob	Stulken	840	2017-01-01	0
Tyreese	Suhl	842	2017-01-01	0
Tyrone	Suhl	843	2017-01-01	0
Ryan	Sullivan	845	2017-01-01	0
Jacob	Svendahl	846	2017-01-01	0
Robert	Swenson	847	2017-01-01	0
Alannah	Switzer	848	2017-01-01	0
Leslie	Tamayo	849	2017-01-01	0
Allen	Thibodeau	851	2017-01-01	0
Jaykob	Thimsen	852	2017-01-01	0
Sienna	Tisdale	853	2017-01-01	0
Austin	Towley	854	2017-01-01	0
Bao	Tran	855	2017-01-01	0
Leslie	Tranby	856	2017-01-01	0
Mariah	Trujillo	858	2017-01-01	0
Thao	Truong	859	2017-01-01	0
Gage	Tuma	860	2017-01-01	0
Nathaniel	Urke	862	2017-01-01	0
Levi	Vander Martin	864	2017-01-01	0
Liam	Craig	600	2017-01-01	0
Alden	Cristofaro Hark	601	2017-01-01	0
Elliott	Dahl	603	2017-01-01	0
Nathaniel	Dahl	604	2017-01-01	0
Andres	Delacruz	605	2017-01-01	0
Daniel	Dickerson	607	2017-01-01	0
Augustine	Dittrich	608	2017-01-01	0
River	Dittrich	609	2017-01-01	0
Brooke	Dobmeier	610	2017-01-01	0
Dayna	Dobmeier	611	2017-01-01	0
Morgan	Dobmeier	612	2017-01-01	0
Ryan	Docken	613	2017-01-01	0
Mady	Brennan	567	2017-01-01	0
James	Ayers	536	2017-01-01	0
Ella	Andrew	532	2017-01-01	0
Katelyn	Anderson	529	2017-01-01	0
Alivia	Benjamin	553	2017-01-01	0
Blake	Anderson	528	2017-01-01	0
Kiara	Anderson	530	2017-01-01	0
Abigail	Andrade	531	2017-01-01	0
Mindy	Ascencio Bravo	534	2017-01-01	0
Blake	Atkinson	535	2017-01-01	0
Seveth	Baker	539	2017-01-01	0
Albar	Acevedo	527	2017-01-01	0
Madelyn	Bahm	537	2017-01-01	0
Jennifer	Boudreau	561	2017-01-01	0
Katie	Brust	571	2017-01-01	0
Charles	Anthony	533	2017-01-01	0
Bella	Callery	576	2017-01-01	4
Yanessa	Vazquez	865	2017-01-01	0
Adrian	Vega	866	2017-01-01	0
Elizabeth	Vosejpka	868	2017-01-01	0
Jade	Waldron	871	2017-01-01	0
Ashley	Wallin	872	2017-01-01	0
River	Weeks	873	2017-01-01	0
Jayden	Wefel	874	2017-01-01	0
Taylor	Wefel Cordes	875	2017-01-01	0
Allison	Weise	876	2017-01-01	0
Gustaf	Welbaum	877	2017-01-01	0
Savannah	Welch	878	2017-01-01	0
Toby	Welch	879	2017-01-01	0
Shayden	Wellentin	880	2017-01-01	0
Connor	Wesling	881	2017-01-01	0
Chayce	White	883	2017-01-01	0
Mitchell	Wick	884	2017-01-01	0
Nikolas	Wicklund	885	2017-01-01	0
Gavin	Willis	886	2017-01-01	0
Tom	Winter	887	2017-01-01	0
Jason	Woitalla	889	2017-01-01	0
Jenna	Woitalla	890	2017-01-01	0
Haowen	Xiao	892	2017-01-01	0
Gabriella	Yciano	893	2017-01-01	0
Luis	Yciano	894	2017-01-01	0
Cole	Younger	895	2017-01-01	0
Rikka	Zillmer	896	2017-01-01	0
Joe	Junio	900	2017-01-01	0
Maddie	Kerling	901	2017-01-01	0
Dave	Castro	902	2017-01-01	0
Dave	Cast	903	2017-01-01	0
Chase	Ingraham	682	2017-01-01	8
Caroline	Pritchard	792	2017-01-01	0
\.


--
-- Name: activities_activity_id_seq; Type: SEQUENCE SET; Schema: public; Owner: postgres
--

SELECT pg_catalog.setval('public.activities_activity_id_seq', 13, true);


--
-- Name: alerts_id_seq; Type: SEQUENCE SET; Schema: public; Owner: postgres
--

SELECT pg_catalog.setval('public.alerts_id_seq', 1, false);


--
-- Name: dailyattendance_id_seq; Type: SEQUENCE SET; Schema: public; Owner: postgres
--

SELECT pg_catalog.setval('public.dailyattendance_id_seq', 1066, true);


--
-- Name: studentcolumns_info_id_seq; Type: SEQUENCE SET; Schema: public; Owner: postgres
--

SELECT pg_catalog.setval('public.studentcolumns_info_id_seq', 6, true);


--
-- Name: students_id_seq; Type: SEQUENCE SET; Schema: public; Owner: postgres
--

SELECT pg_catalog.setval('public.students_id_seq', 924, true);


--
-- Name: activities activities_activity_id_key; Type: CONSTRAINT; Schema: public; Owner: postgres
--

ALTER TABLE ONLY public.activities
    ADD CONSTRAINT activities_activity_id_key UNIQUE (activity_id);


--
-- Name: alerts alerts_id_key; Type: CONSTRAINT; Schema: public; Owner: postgres
--

ALTER TABLE ONLY public.alerts
    ADD CONSTRAINT alerts_id_key UNIQUE (id);


--
-- Name: dailyattendance dailyattendance_id_key; Type: CONSTRAINT; Schema: public; Owner: postgres
--

ALTER TABLE ONLY public.dailyattendance
    ADD CONSTRAINT dailyattendance_id_key UNIQUE (id);


--
-- Name: studentcolumns studentcolumns_info_id_key; Type: CONSTRAINT; Schema: public; Owner: postgres
--

ALTER TABLE ONLY public.studentcolumns
    ADD CONSTRAINT studentcolumns_info_id_key UNIQUE (info_id);


--
-- PostgreSQL database dump complete
--

